Item,MOnth,Quantity
1,1,9
1,1,6
1,1,0
1,1,27
1,1,12
1,2,12
1,2,0
1,2,15
1,2,18
1,2,22
1,3,23
1,3,17
1,3,14
1,3,28
1,3,17
1,4,25
1,4,5
1,4,1
1,4,16
1,4,29
1,5,22
1,5,0
1,5,14
1,5,11
1,5,22
1,6,25
1,6,22
1,6,23
1,6,2
1,6,30
1,7,10
1,7,15
1,7,3
1,7,5
1,7,1
1,8,11
1,8,5
1,8,29
1,8,23
1,8,25
1,9,24
1,9,23
1,9,20
1,9,17
1,9,21
1,10,6
1,10,22
1,10,15
1,10,28
1,10,22
1,11,10
1,11,21
1,11,30
1,11,9
1,11,3
1,1,0
1,1,0
1,1,0
1,1,1
1,1,1
1,2,0
1,2,0
1,2,1
1,2,2
1,2,0
1,3,3
1,3,1
1,3,0
1,3,0
1,3,0
1,4,1
1,4,2
1,4,0
1,4,2
1,4,0
1,5,0
1,5,1
1,5,0
1,5,1
1,5,0
1,6,1
1,6,2
1,6,1
1,6,1
1,6,0
1,7,2
1,7,3
1,7,1
1,7,3
1,7,2
1,8,2
1,8,0
1,8,3
1,8,3
1,8,2
1,9,3
1,9,1
1,9,0
1,9,1
1,9,3
1,10,0
1,10,2
1,10,2
1,10,3
1,10,2
1,11,1
1,11,0
1,11,0
1,11,1
1,11,3
2,1,0
2,1,2
2,1,3
2,1,0
2,1,0
2,2,1
2,2,0
2,2,3
2,2,3
2,2,2
2,3,2
2,3,3
2,3,1
2,3,1
2,3,1
2,4,1
2,4,2
2,4,2
2,4,1
2,4,3
2,5,3
2,5,1
2,5,3
2,5,1
2,5,1
2,6,3
2,6,2
2,6,3
2,6,2
2,6,3
2,7,2
2,7,1
2,7,2
2,7,3
2,7,0
2,8,1
2,8,3
2,8,2
2,8,2
2,8,0
2,9,3
2,9,3
2,9,2
2,9,2
2,9,1
2,10,0
2,10,3
2,10,1
2,10,3
2,10,0
2,11,2
2,11,0
2,11,3
2,11,3
2,11,0
3,1,0
3,1,1
3,1,3
3,1,1
3,1,1
3,2,2
3,2,3
3,2,2
3,2,2
3,2,2
3,3,0
3,3,2
3,3,3
3,3,2
3,3,2
3,4,3
3,4,2
3,4,0
3,4,0
3,4,1
3,5,1
3,5,1
3,5,0
3,5,2
3,5,2
3,6,0
3,6,2
3,6,2
3,6,1
3,6,3
3,7,2
3,7,3
3,7,2
3,7,1
3,7,3
3,8,1
3,8,1
3,8,3
3,8,0
3,8,2
3,9,3
3,9,2
3,9,3
3,9,1
3,9,1
3,10,3
3,10,3
3,10,3
3,10,1
3,10,1
3,11,0
3,11,3
3,11,2
3,11,2
3,11,1
4,1,3
4,1,3
4,1,2
4,1,2
4,1,1
4,2,0
4,2,2
4,2,0
4,2,1
4,2,1
4,3,1
4,3,1
4,3,0
4,3,0
4,3,0
4,4,1
4,4,3
4,4,2
4,4,3
4,4,0
4,5,0
4,5,3
4,5,3
4,5,1
4,5,3
4,6,1
4,6,0
4,6,2
4,6,3
4,6,1
4,7,2
4,7,2
4,7,2
4,7,0
4,7,3
4,8,3
4,8,2
4,8,2
4,8,2
4,8,3
4,9,2
4,9,3
4,9,0
4,9,3
4,9,1
4,10,0
4,10,2
4,10,3
4,10,0
4,10,3
4,11,3
4,11,2
4,11,3
4,11,3
4,11,3
5,1,2
5,1,2
5,1,3
5,1,0
5,1,3
5,2,2
5,2,3
5,2,0
5,2,2
5,2,2
5,3,2
5,3,3
5,3,0
5,3,2
5,3,3
5,4,1
5,4,1
5,4,1
5,4,2
5,4,3
5,5,0
5,5,0
5,5,3
5,5,0
5,5,0
5,6,3
5,6,1
5,6,3
5,6,1
5,6,0
5,7,3
5,7,3
5,7,3
5,7,3
5,7,0
5,8,1
5,8,1
5,8,1
5,8,1
5,8,1
5,9,1
5,9,0
5,9,3
5,9,0
5,9,1
5,10,0
5,10,1
5,10,0
5,10,3
5,10,1
5,11,2
5,11,3
5,11,3
5,11,2
5,11,3
6,1,3
6,1,1
6,1,0
6,1,2
6,1,1
6,2,1
6,2,3
6,2,0
6,2,1
6,2,1
6,3,1
6,3,2
6,3,3
6,3,1
6,3,2
6,4,1
6,4,3
6,4,1
6,4,1
6,4,0
6,5,1
6,5,1
6,5,3
6,5,0
6,5,2
6,6,3
6,6,2
6,6,2
6,6,1
6,6,3
6,7,2
6,7,0
6,7,0
6,7,2
6,7,2
6,8,2
6,8,0
6,8,2
6,8,0
6,8,3
6,9,1
6,9,0
6,9,3
6,9,2
6,9,1
6,10,3
6,10,3
6,10,2
6,10,1
6,10,2
6,11,2
6,11,3
6,11,3
6,11,1
6,11,1
7,1,36
7,1,22
7,1,36
7,1,35
7,1,26
7,2,28
7,2,40
7,2,0
7,2,8
7,2,18
7,3,16
7,3,33
7,3,18
7,3,5
7,3,5
7,4,5
7,4,2
7,4,13
7,4,7
7,4,9
7,5,21
7,5,26
7,5,0
7,5,5
7,5,6
7,6,34
7,6,12
7,6,9
7,6,11
7,6,35
7,7,34
7,7,15
7,7,10
7,7,3
7,7,28
7,8,2
7,8,6
7,8,35
7,8,31
7,8,25
7,9,34
7,9,31
7,9,0
7,9,5
7,9,36
7,10,2
7,10,0
7,10,34
7,10,21
7,10,20
7,11,23
7,11,30
7,11,16
7,11,4
7,11,15
8,1,26
8,1,5
8,1,11
8,1,37
8,1,40
8,2,33
8,2,18
8,2,37
8,2,17
8,2,39
8,3,40
8,3,7
8,3,5
8,3,17
8,3,18
8,4,7
8,4,36
8,4,22
8,4,31
8,4,3
8,5,16
8,5,18
8,5,36
8,5,39
8,5,3
8,6,22
8,6,8
8,6,19
8,6,7
8,6,32
8,7,36
8,7,28
8,7,3
8,7,11
8,7,23
8,8,30
8,8,0
8,8,7
8,8,10
8,8,26
8,9,7
8,9,1
8,9,36
8,9,14
8,9,4
8,10,19
8,10,4
8,10,2
8,10,2
8,10,20
8,11,13
8,11,1
8,11,2
8,11,4
8,11,20
9,1,11
9,1,36
9,1,25
9,1,35
9,1,5
9,2,21
9,2,25
9,2,14
9,2,36
9,2,6
9,3,27
9,3,2
9,3,38
9,3,4
9,3,29
9,4,0
9,4,5
9,4,38
9,4,23
9,4,23
9,5,33
9,5,0
9,5,20
9,5,21
9,5,15
9,6,7
9,6,25
9,6,28
9,6,23
9,6,21
9,7,4
9,7,10
9,7,14
9,7,20
9,7,39
9,8,3
9,8,11
9,8,31
9,8,10
9,8,8
9,9,20
9,9,17
9,9,19
9,9,40
9,9,27
9,10,38
9,10,16
9,10,18
9,10,4
9,10,28
9,11,37
9,11,14
9,11,4
9,11,8
9,11,16
10,1,4
10,1,36
10,1,22
10,1,20
10,1,21
10,2,36
10,2,6
10,2,2
10,2,27
10,2,39
10,3,36
10,3,16
10,3,33
10,3,9
10,3,21
10,4,29
10,4,20
10,4,28
10,4,0
10,4,27
10,5,28
10,5,3
10,5,18
10,5,13
10,5,29
10,6,21
10,6,21
10,6,17
10,6,34
10,6,7
10,7,24
10,7,10
10,7,31
10,7,40
10,7,12
10,8,39
10,8,8
10,8,40
10,8,23
10,8,38
10,9,23
10,9,17
10,9,17
10,9,2
10,9,29
10,10,24
10,10,7
10,10,17
10,10,4
10,10,21
10,11,11
10,11,18
10,11,28
10,11,26
10,11,14
11,1,17
11,1,8
11,1,15
11,1,32
11,1,14
11,2,16
11,2,7
11,2,36
11,2,40
11,2,28
11,3,14
11,3,16
11,3,20
11,3,11
11,3,34
11,4,34
11,4,7
11,4,7
11,4,26
11,4,21
11,5,11
11,5,26
11,5,29
11,5,35
11,5,26
11,6,38
11,6,19
11,6,40
11,6,20
11,6,38
11,7,14
11,7,4
11,7,25
11,7,8
11,7,18
11,8,19
11,8,34
11,8,14
11,8,36
11,8,26
11,9,1
11,9,1
11,9,4
11,9,0
11,9,10
11,10,38
11,10,15
11,10,1
11,10,29
11,10,16
11,11,25
11,11,35
11,11,11
11,11,30
11,11,6
12,1,20
12,1,3
12,1,19
12,1,11
12,1,29
12,2,23
12,2,18
12,2,34
12,2,40
12,2,38
12,3,30
12,3,14
12,3,16
12,3,29
12,3,19
12,4,27
12,4,27
12,4,33
12,4,18
12,4,28
12,5,6
12,5,29
12,5,21
12,5,6
12,5,11
12,6,16
12,6,23
12,6,36
12,6,14
12,6,7
12,7,10
12,7,31
12,7,21
12,7,20
12,7,13
12,8,14
12,8,34
12,8,40
12,8,3
12,8,36
12,9,32
12,9,6
12,9,5
12,9,22
12,9,26
12,10,0
12,10,6
12,10,14
12,10,10
12,10,32
12,11,3
12,11,24
12,11,14
12,11,29
12,11,28
13,1,3
13,1,12
13,1,36
13,1,5
13,1,1
13,2,1
13,2,31
13,2,6
13,2,13
13,2,33
13,3,39
13,3,18
13,3,3
13,3,27
13,3,16
13,4,36
13,4,33
13,4,28
13,4,11
13,4,12
13,5,25
13,5,38
13,5,10
13,5,2
13,5,36
13,6,40
13,6,28
13,6,28
13,6,21
13,6,28
13,7,17
13,7,3
13,7,27
13,7,16
13,7,9
13,8,25
13,8,37
13,8,1
13,8,24
13,8,0
13,9,34
13,9,32
13,9,24
13,9,5
13,9,39
13,10,18
13,10,24
13,10,40
13,10,39
13,10,27
13,11,25
13,11,0
13,11,2
13,11,39
13,11,20
14,1,39
14,1,10
14,1,37
14,1,39
14,1,37
14,2,7
14,2,15
14,2,8
14,2,28
14,2,18
14,3,16
14,3,6
14,3,8
14,3,12
14,3,12
14,4,29
14,4,20
14,4,14
14,4,37
14,4,21
14,5,15
14,5,18
14,5,0
14,5,22
14,5,30
14,6,32
14,6,12
14,6,36
14,6,21
14,6,0
14,7,25
14,7,33
14,7,4
14,7,0
14,7,19
14,8,3
14,8,19
14,8,38
14,8,1
14,8,6
14,9,19
14,9,13
14,9,8
14,9,28
14,9,37
14,10,21
14,10,18
14,10,29
14,10,35
14,10,3
14,11,38
14,11,14
14,11,10
14,11,13
14,11,33
15,1,1
15,1,0
15,1,1
15,1,1
15,1,1
15,2,1
15,2,2
15,2,1
15,2,2
15,2,2
15,3,0
15,3,1
15,3,1
15,3,2
15,3,2
15,4,2
15,4,1
15,4,0
15,4,1
15,4,0
15,5,1
15,5,1
15,5,0
15,5,1
15,5,1
15,6,1
15,6,1
15,6,1
15,6,1
15,6,0
15,7,2
15,7,2
15,7,0
15,7,1
15,7,0
15,8,2
15,8,1
15,8,2
15,8,0
15,8,0
15,9,1
15,9,1
15,9,0
15,9,1
15,9,2
15,10,1
15,10,2
15,10,0
15,10,1
15,10,2
15,11,0
15,11,0
15,11,2
15,11,1
15,11,1
16,1,2
16,1,2
16,1,2
16,1,1
16,1,0
16,2,1
16,2,1
16,2,2
16,2,0
16,2,2
16,3,1
16,3,2
16,3,0
16,3,2
16,3,2
16,4,0
16,4,1
16,4,1
16,4,2
16,4,2
16,5,2
16,5,0
16,5,0
16,5,1
16,5,1
16,6,0
16,6,2
16,6,0
16,6,0
16,6,2
16,7,2
16,7,1
16,7,1
16,7,1
16,7,0
16,8,1
16,8,2
16,8,2
16,8,0
16,8,2
16,9,0
16,9,2
16,9,0
16,9,2
16,9,0
16,10,0
16,10,0
16,10,2
16,10,0
16,10,1
16,11,2
16,11,0
16,11,2
16,11,2
16,11,1
17,1,2
17,1,2
17,1,4
17,1,0
17,1,4
17,2,3
17,2,0
17,2,5
17,2,4
17,2,3
17,3,2
17,3,2
17,3,3
17,3,1
17,3,2
17,4,1
17,4,4
17,4,5
17,4,5
17,4,0
17,5,0
17,5,1
17,5,1
17,5,1
17,5,1
17,6,4
17,6,3
17,6,3
17,6,5
17,6,4
17,7,4
17,7,4
17,7,0
17,7,4
17,7,3
17,8,1
17,8,0
17,8,4
17,8,4
17,8,3
17,9,4
17,9,1
17,9,1
17,9,2
17,9,4
17,10,0
17,10,3
17,10,3
17,10,2
17,10,0
17,11,3
17,11,2
17,11,0
17,11,4
17,11,4
18,1,5
18,1,4
18,1,3
18,1,4
18,1,1
18,2,2
18,2,2
18,2,1
18,2,5
18,2,2
18,3,3
18,3,3
18,3,4
18,3,4
18,3,3
18,4,1
18,4,5
18,4,3
18,4,1
18,4,3
18,5,5
18,5,2
18,5,4
18,5,0
18,5,2
18,6,4
18,6,2
18,6,4
18,6,1
18,6,3
18,7,2
18,7,1
18,7,1
18,7,4
18,7,5
18,8,3
18,8,0
18,8,5
18,8,5
18,8,2
18,9,2
18,9,4
18,9,3
18,9,1
18,9,4
18,10,1
18,10,2
18,10,0
18,10,0
18,10,5
18,11,1
18,11,2
18,11,2
18,11,3
18,11,4
19,1,2
19,1,1
19,1,0
19,1,0
19,1,5
19,2,5
19,2,2
19,2,0
19,2,0
19,2,2
19,3,2
19,3,3
19,3,1
19,3,1
19,3,5
19,4,3
19,4,2
19,4,1
19,4,5
19,4,5
19,5,5
19,5,3
19,5,4
19,5,3
19,5,3
19,6,4
19,6,1
19,6,0
19,6,5
19,6,5
19,7,5
19,7,1
19,7,1
19,7,4
19,7,3
19,8,4
19,8,4
19,8,1
19,8,5
19,8,2
19,9,2
19,9,0
19,9,2
19,9,5
19,9,0
19,10,1
19,10,2
19,10,3
19,10,5
19,10,0
19,11,4
19,11,1
19,11,1
19,11,2
19,11,1
20,1,0
20,1,5
20,1,3
20,1,1
20,1,3
20,2,5
20,2,2
20,2,5
20,2,4
20,2,3
20,3,2
20,3,3
20,3,1
20,3,3
20,3,4
20,4,3
20,4,2
20,4,3
20,4,4
20,4,2
20,5,0
20,5,0
20,5,0
20,5,0
20,5,1
20,6,2
20,6,0
20,6,3
20,6,4
20,6,4
20,7,3
20,7,5
20,7,0
20,7,2
20,7,2
20,8,5
20,8,5
20,8,0
20,8,3
20,8,3
20,9,0
20,9,2
20,9,4
20,9,5
20,9,3
20,10,3
20,10,5
20,10,0
20,10,5
20,10,3
20,11,2
20,11,0
20,11,4
20,11,4
20,11,2
21,1,3
21,1,2
21,1,2
21,1,2
21,1,1
21,2,0
21,2,5
21,2,0
21,2,0
21,2,2
21,3,1
21,3,3
21,3,5
21,3,2
21,3,1
21,4,4
21,4,3
21,4,4
21,4,3
21,4,0
21,5,3
21,5,0
21,5,3
21,5,5
21,5,5
21,6,5
21,6,4
21,6,1
21,6,0
21,6,5
21,7,5
21,7,4
21,7,4
21,7,3
21,7,2
21,8,2
21,8,2
21,8,0
21,8,2
21,8,2
21,9,1
21,9,2
21,9,4
21,9,0
21,9,1
21,10,1
21,10,5
21,10,2
21,10,1
21,10,0
21,11,2
21,11,4
21,11,4
21,11,4
21,11,4
22,1,3
22,1,0
22,1,3
22,1,2
22,1,5
22,2,0
22,2,2
22,2,2
22,2,4
22,2,1
22,3,5
22,3,5
22,3,4
22,3,0
22,3,0
22,4,5
22,4,4
22,4,0
22,4,2
22,4,4
22,5,5
22,5,5
22,5,0
22,5,4
22,5,4
22,6,1
22,6,2
22,6,1
22,6,4
22,6,0
22,7,1
22,7,2
22,7,3
22,7,1
22,7,5
22,8,0
22,8,5
22,8,3
22,8,4
22,8,4
22,9,5
22,9,3
22,9,1
22,9,2
22,9,0
22,10,2
22,10,3
22,10,2
22,10,3
22,10,1
22,11,3
22,11,4
22,11,3
22,11,3
22,11,5
23,1,4
23,1,5
23,1,0
23,1,4
23,1,3
23,2,4
23,2,1
23,2,3
23,2,4
23,2,5
23,3,5
23,3,2
23,3,2
23,3,2
23,3,5
23,4,4
23,4,0
23,4,3
23,4,1
23,4,3
23,5,5
23,5,2
23,5,0
23,5,5
23,5,4
23,6,4
23,6,3
23,6,5
23,6,1
23,6,3
23,7,3
23,7,5
23,7,4
23,7,1
23,7,1
23,8,2
23,8,0
23,8,5
23,8,4
23,8,5
23,9,3
23,9,4
23,9,3
23,9,1
23,9,4
23,10,5
23,10,1
23,10,4
23,10,4
23,10,1
23,11,2
23,11,4
23,11,1
23,11,1
23,11,0
24,1,1
24,1,3
24,1,0
24,1,4
24,1,0
24,2,1
24,2,0
24,2,1
24,2,4
24,2,3
24,3,1
24,3,4
24,3,0
24,3,1
24,3,4
24,4,3
24,4,3
24,4,2
24,4,1
24,4,2
24,5,5
24,5,2
24,5,0
24,5,0
24,5,5
24,6,2
24,6,3
24,6,1
24,6,2
24,6,3
24,7,4
24,7,0
24,7,1
24,7,2
24,7,4
24,8,1
24,8,2
24,8,0
24,8,0
24,8,5
24,9,2
24,9,1
24,9,0
24,9,4
24,9,2
24,10,3
24,10,4
24,10,5
24,10,1
24,10,3
24,11,2
24,11,4
24,11,2
24,11,4
24,11,2
25,1,3
25,1,2
25,1,1
25,1,3
25,1,4
25,2,3
25,2,0
25,2,0
25,2,0
25,2,0
25,3,3
25,3,4
25,3,2
25,3,0
25,3,1
25,4,1
25,4,4
25,4,5
25,4,0
25,4,0
25,5,5
25,5,0
25,5,1
25,5,2
25,5,3
25,6,0
25,6,2
25,6,4
25,6,3
25,6,1
25,7,0
25,7,2
25,7,5
25,7,2
25,7,5
25,8,4
25,8,3
25,8,5
25,8,2
25,8,2
25,9,2
25,9,3
25,9,3
25,9,5
25,9,2
25,10,2
25,10,2
25,10,4
25,10,5
25,10,1
25,11,3
25,11,1
25,11,5
25,11,1
25,11,2
26,1,36
26,1,28
26,1,26
26,1,31
26,1,39
26,1,17
26,1,28
26,1,38
26,1,16
26,1,24
26,1,5
26,1,14
26,1,27
26,1,3
26,1,30
26,1,17
26,1,23
26,1,30
26,1,27
26,1,19
26,1,37
26,1,19
26,1,10
26,1,2
26,1,31
26,1,24
26,1,25
26,1,10
26,1,16
26,1,18
26,1,35
26,1,40
26,1,4
26,1,31
26,1,7
26,1,17
26,1,37
26,1,39
26,1,11
26,1,38
26,1,9
26,1,19
26,1,29
26,1,31
26,1,8
26,1,13
26,1,17
26,1,5
26,1,39
26,1,28
26,1,26
26,1,16
26,1,40
26,1,33
26,1,28
26,1,24
26,1,23
26,1,0
26,1,22
26,1,12
26,1,25
26,1,12
26,1,17
26,1,25
26,1,12
26,1,26
26,1,37
26,1,30
26,1,27
26,1,19
26,1,30
26,1,28
26,1,4
26,1,29
26,1,15
26,1,19
26,1,8
26,1,32
26,1,6
26,1,32
26,1,7
26,1,21
26,1,39
26,1,39
26,1,3
26,1,11
26,1,34
26,1,19
26,1,21
26,1,17
26,1,29
26,1,28
26,1,23
26,1,19
26,1,36
26,1,34
26,1,16
26,1,31
26,1,15
26,1,6
26,1,21
26,1,10
26,1,32
26,1,16
26,1,37
26,1,10
26,1,15
26,1,38
26,1,27
26,1,25
26,1,9
26,1,5
26,1,10
26,1,7
26,1,22
26,1,32
26,1,15
26,1,31
26,1,38
26,1,15
26,1,37
26,1,28
26,1,23
26,1,8
26,1,30
26,1,20
26,1,18
26,1,6
26,1,0
26,1,30
26,1,37
26,1,0
26,1,37
26,1,3
26,1,26
26,1,10
26,1,1
26,1,11
26,1,27
26,1,21
26,1,30
26,1,26
26,1,13
26,1,36
26,1,21
26,1,15
26,1,20
26,1,8
26,1,15
26,1,21
26,1,37
26,1,9
26,1,4
26,1,19
26,1,17
26,1,18
26,1,29
26,1,5
26,1,26
26,1,10
26,1,21
26,1,32
26,1,36
26,1,35
26,1,29
26,1,16
26,1,3
26,1,4
26,1,5
26,1,19
26,1,17
26,1,6
26,1,5
26,1,33
26,1,28
26,1,36
26,1,16
26,1,20
26,1,20
26,1,22
26,1,29
26,1,31
26,1,21
26,1,36
26,1,7
26,1,15
26,1,12
26,1,11
26,1,20
26,1,24
26,1,32
26,1,39
26,1,28
26,1,20
26,1,10
26,1,38
26,1,30
26,1,25
26,1,17
26,1,27
26,1,12
26,1,2
26,1,28
26,1,16
26,1,34
26,1,9
26,1,23
26,1,24
26,1,40
26,1,0
26,1,22
26,1,15
26,1,11
26,1,27
26,1,1
26,1,8
26,1,11
26,1,18
26,1,31
26,1,5
26,1,30
26,1,16
26,1,33
26,1,31
26,1,8
26,1,16
26,1,34
26,1,31
26,1,31
26,1,38
26,1,32
26,1,28
26,1,6
26,1,10
26,1,21
26,1,37
26,1,35
26,1,36
26,1,20
26,1,19
26,1,39
26,1,39
26,1,0
26,1,10
26,1,6
26,1,23
26,1,28
26,1,11
26,1,31
26,1,13
26,1,7
26,1,6
26,1,11
26,1,25
26,1,24
26,1,23
26,1,40
26,1,2
26,1,24
26,1,40
26,1,23
26,1,23
26,1,13
26,1,36
26,1,23
26,1,20
26,1,20
26,1,28
26,1,25
26,1,10
26,1,39
26,1,31
26,1,15
26,1,35
26,1,21
26,1,16
26,1,8
26,1,3
26,1,1
26,1,29
26,1,24
26,1,36
26,1,21
26,1,28
26,1,33
26,1,31
26,1,11
26,1,26
26,1,9
26,1,27
26,2,40
26,2,6
26,2,36
26,2,14
26,2,28
26,2,40
26,2,5
26,2,26
26,2,32
26,2,7
26,2,32
26,2,5
26,2,38
26,2,36
26,2,25
26,2,27
26,2,4
26,2,15
26,2,20
26,2,23
26,2,18
26,2,35
26,2,31
26,2,6
26,2,25
26,2,9
26,2,5
26,2,15
26,2,18
26,2,33
26,2,12
26,2,4
26,2,13
26,2,29
26,2,16
26,2,23
26,2,38
26,2,1
26,2,28
26,2,29
26,2,28
26,2,13
26,2,38
26,2,16
26,2,23
26,2,29
26,2,12
26,2,2
26,2,29
26,2,28
26,2,35
26,2,9
26,2,36
26,2,11
26,2,23
26,2,12
26,2,25
26,2,7
26,2,34
26,2,10
26,2,38
26,2,32
26,2,28
26,2,35
26,2,0
26,2,10
26,2,27
26,2,34
26,2,2
26,2,4
26,2,0
26,2,38
26,2,31
26,2,7
26,2,22
26,2,39
26,2,37
26,2,40
26,2,32
26,2,6
26,2,15
26,2,18
26,2,24
26,2,2
26,2,26
26,2,32
26,2,1
26,2,29
26,2,11
26,2,12
26,2,39
26,2,32
26,2,6
26,2,23
26,2,7
26,2,30
26,2,30
26,2,11
26,2,26
26,2,40
26,2,40
26,2,14
26,2,7
26,2,30
26,2,35
26,2,23
26,2,23
26,2,2
26,2,10
26,2,39
26,2,38
26,2,33
26,2,34
26,2,10
26,2,40
26,2,21
26,2,17
26,2,31
26,2,10
26,2,4
26,2,23
26,2,6
26,2,1
26,2,16
26,2,9
26,2,1
26,2,17
26,2,17
26,2,17
26,2,37
26,2,33
26,2,32
26,2,39
26,2,36
26,2,8
26,2,29
26,2,21
26,2,36
26,2,5
26,2,33
26,2,0
26,2,4
26,2,40
26,2,24
26,2,39
26,2,8
26,2,35
26,2,35
26,2,7
26,2,9
26,2,9
26,2,20
26,2,39
26,2,1
26,2,29
26,2,27
26,2,20
26,2,9
26,2,10
26,2,40
26,2,33
26,2,33
26,2,17
26,2,19
26,2,16
26,2,1
26,2,2
26,2,29
26,2,13
26,2,22
26,2,19
26,2,39
26,2,25
26,2,35
26,2,1
26,2,6
26,2,10
26,2,24
26,2,32
26,2,36
26,2,10
26,2,29
26,2,5
26,2,10
26,2,23
26,2,22
26,2,4
26,2,6
26,2,9
26,2,4
26,2,10
26,2,16
26,2,15
26,2,19
26,2,8
26,2,27
26,2,26
26,2,6
26,2,16
26,2,29
26,2,28
26,2,26
26,2,25
26,2,39
26,2,28
26,2,23
26,2,33
26,2,38
26,2,5
26,2,20
26,2,15
26,2,36
26,2,15
26,2,2
26,2,31
26,2,8
26,2,10
26,2,2
26,2,21
26,2,29
26,2,18
26,2,32
26,2,23
26,2,35
26,2,30
26,2,38
26,2,36
26,2,23
26,2,19
26,2,36
26,2,37
26,2,8
26,2,6
26,2,1
26,2,19
26,2,30
26,2,30
26,2,1
26,2,23
26,2,20
26,2,27
26,2,11
26,2,4
26,2,8
26,2,36
26,2,13
26,2,14
26,2,4
26,2,13
26,2,15
26,2,21
26,2,11
26,2,34
26,2,1
26,2,9
26,2,17
26,2,40
26,2,28
26,2,6
26,2,23
26,2,4
26,2,15
26,2,38
26,2,30
26,2,37
26,2,37
26,2,28
26,2,10
26,2,36
26,2,13
26,2,7
26,2,0
26,2,27
26,2,29
26,2,26
26,2,24
26,2,34
26,2,27
26,2,3
26,2,24
26,2,11
26,2,17
26,2,10
26,2,13
26,2,36
26,2,1
26,2,2
26,2,34
26,2,13
26,2,29
26,3,24
26,3,5
26,3,37
26,3,12
26,3,33
26,3,4
26,3,10
26,3,21
26,3,39
26,3,21
26,3,12
26,3,34
26,3,14
26,3,27
26,3,6
26,3,17
26,3,19
26,3,26
26,3,31
26,3,30
26,3,38
26,3,0
26,3,3
26,3,27
26,3,23
26,3,2
26,3,18
26,3,37
26,3,9
26,3,20
26,3,30
26,3,14
26,3,30
26,3,34
26,3,38
26,3,25
26,3,27
26,3,20
26,3,35
26,3,8
26,3,2
26,3,24
26,3,20
26,3,40
26,3,8
26,3,5
26,3,19
26,3,36
26,3,1
26,3,21
26,3,26
26,3,32
26,3,39
26,3,7
26,3,24
26,3,13
26,3,19
26,3,17
26,3,36
26,3,29
26,3,16
26,3,2
26,3,3
26,3,21
26,3,18
26,3,40
26,3,7
26,3,0
26,3,1
26,3,25
26,3,1
26,3,28
26,3,26
26,3,37
26,3,15
26,3,34
26,3,14
26,3,28
26,3,35
26,3,20
26,3,2
26,3,14
26,3,23
26,3,22
26,3,7
26,3,17
26,3,21
26,3,24
26,3,27
26,3,38
26,3,20
26,3,39
26,3,31
26,3,36
26,3,28
26,3,10
26,3,17
26,3,6
26,3,0
26,3,11
26,3,5
26,3,0
26,3,17
26,3,26
26,3,7
26,3,34
26,3,14
26,3,8
26,3,24
26,3,0
26,3,39
26,3,40
26,3,40
26,3,27
26,3,35
26,3,39
26,3,37
26,3,30
26,3,7
26,3,23
26,3,24
26,3,24
26,3,6
26,3,12
26,3,2
26,3,1
26,3,20
26,3,23
26,3,20
26,3,27
26,3,13
26,3,35
26,3,32
26,3,40
26,3,37
26,3,8
26,3,1
26,3,34
26,3,25
26,3,8
26,3,33
26,3,1
26,3,13
26,3,39
26,3,5
26,3,37
26,3,27
26,3,37
26,3,28
26,3,2
26,3,26
26,3,28
26,3,13
26,3,33
26,3,1
26,3,33
26,3,34
26,3,25
26,3,37
26,3,16
26,3,35
26,3,8
26,3,14
26,3,23
26,3,5
26,3,0
26,3,40
26,3,14
26,3,17
26,3,18
26,3,2
26,3,28
26,3,29
26,3,30
26,3,28
26,3,27
26,3,26
26,3,40
26,3,28
26,3,4
26,3,12
26,3,5
26,3,8
26,3,0
26,3,0
26,3,40
26,3,11
26,3,13
26,3,39
26,3,18
26,3,34
26,3,28
26,3,35
26,3,15
26,3,25
26,3,0
26,3,5
26,3,22
26,3,24
26,3,37
26,3,26
26,3,11
26,3,14
26,3,23
26,3,16
26,3,13
26,3,28
26,3,24
26,3,38
26,3,8
26,3,30
26,3,25
26,3,21
26,3,23
26,3,27
26,3,29
26,3,17
26,3,31
26,3,25
26,3,14
26,3,9
26,3,7
26,3,11
26,3,34
26,3,35
26,3,39
26,3,12
26,3,18
26,3,38
26,3,36
26,3,19
26,3,2
26,3,5
26,3,36
26,3,38
26,3,27
26,3,34
26,3,36
26,3,5
26,3,8
26,3,18
26,3,34
26,3,1
26,3,38
26,3,17
26,3,20
26,3,28
26,3,21
26,3,35
26,3,18
26,3,6
26,3,1
26,3,21
26,3,9
26,3,20
26,3,13
26,3,11
26,3,10
26,3,9
26,3,35
26,3,30
26,3,22
26,3,1
26,3,32
26,3,17
26,3,24
26,3,40
26,3,3
26,3,1
26,3,7
26,3,22
26,3,6
26,3,11
26,3,24
26,3,22
26,3,28
26,3,10
26,3,1
26,3,29
26,3,31
26,3,36
26,3,38
26,3,20
26,3,5
26,3,28
26,3,9
26,3,4
26,3,39
26,3,31
26,3,36
26,4,21
26,4,37
26,4,35
26,4,40
26,4,35
26,4,8
26,4,5
26,4,34
26,4,19
26,4,36
26,4,23
26,4,15
26,4,32
26,4,3
26,4,37
26,4,31
26,4,40
26,4,33
26,4,39
26,4,26
26,4,2
26,4,14
26,4,9
26,4,6
26,4,27
26,4,28
26,4,29
26,4,24
26,4,19
26,4,23
26,4,34
26,4,40
26,4,40
26,4,35
26,4,19
26,4,3
26,4,40
26,4,38
26,4,38
26,4,21
26,4,35
26,4,32
26,4,37
26,4,32
26,4,17
26,4,39
26,4,17
26,4,23
26,4,12
26,4,18
26,4,7
26,4,17
26,4,16
26,4,3
26,4,3
26,4,37
26,4,24
26,4,40
26,4,30
26,4,10
26,4,6
26,4,33
26,4,5
26,4,7
26,4,12
26,4,18
26,4,13
26,4,11
26,4,14
26,4,5
26,4,21
26,4,12
26,4,35
26,4,26
26,4,8
26,4,38
26,4,21
26,4,22
26,4,17
26,4,5
26,4,33
26,4,34
26,4,15
26,4,30
26,4,18
26,4,33
26,4,32
26,4,15
26,4,19
26,4,25
26,4,2
26,4,10
26,4,7
26,4,16
26,4,26
26,4,38
26,4,28
26,4,30
26,4,38
26,4,17
26,4,26
26,4,39
26,4,25
26,4,26
26,4,18
26,4,16
26,4,29
26,4,20
26,4,18
26,4,26
26,4,10
26,4,4
26,4,5
26,4,1
26,4,35
26,4,2
26,4,6
26,4,25
26,4,31
26,4,21
26,4,40
26,4,13
26,4,26
26,4,1
26,4,33
26,4,14
26,4,30
26,4,33
26,4,24
26,4,10
26,4,12
26,4,24
26,4,32
26,4,1
26,4,14
26,4,14
26,4,23
26,4,27
26,4,34
26,4,33
26,4,33
26,4,37
26,4,31
26,4,5
26,4,7
26,4,20
26,4,34
26,4,33
26,4,27
26,4,35
26,4,35
26,4,22
26,4,19
26,4,36
26,4,20
26,4,26
26,4,6
26,4,18
26,4,19
26,4,19
26,4,12
26,4,0
26,4,29
26,4,11
26,4,18
26,4,5
26,4,14
26,4,16
26,4,29
26,4,19
26,4,6
26,4,6
26,4,33
26,4,40
26,4,10
26,4,7
26,4,18
26,4,6
26,4,36
26,4,18
26,4,35
26,4,31
26,4,36
26,4,23
26,4,4
26,4,38
26,4,0
26,4,12
26,4,37
26,4,32
26,4,33
26,4,13
26,4,21
26,4,38
26,4,9
26,4,10
26,4,32
26,4,5
26,4,22
26,4,31
26,4,28
26,4,31
26,4,34
26,4,8
26,4,35
26,4,32
26,4,27
26,4,32
26,4,34
26,4,11
26,4,9
26,4,32
26,4,38
26,4,13
26,4,25
26,4,36
26,4,0
26,4,28
26,4,37
26,4,8
26,4,31
26,4,6
26,4,26
26,4,12
26,4,39
26,4,11
26,4,24
26,4,28
26,4,8
26,4,19
26,4,27
26,4,17
26,4,22
26,4,31
26,4,0
26,4,28
26,4,32
26,4,25
26,4,11
26,4,29
26,4,26
26,4,6
26,4,1
26,4,30
26,4,29
26,4,0
26,4,9
26,4,1
26,4,38
26,4,28
26,4,11
26,4,2
26,4,34
26,4,7
26,4,25
26,4,6
26,4,20
26,4,2
26,4,39
26,4,37
26,4,22
26,4,4
26,4,18
26,4,1
26,4,0
26,4,30
26,4,19
26,4,1
26,4,4
26,4,33
26,4,20
26,4,13
26,4,33
26,4,2
26,4,14
26,4,15
26,4,31
26,4,23
26,4,1
26,4,31
26,4,38
26,4,19
26,4,6
26,4,13
26,4,27
26,4,23
26,4,4
26,4,39
26,4,30
26,4,34
26,5,19
26,5,15
26,5,36
26,5,33
26,5,13
26,5,12
26,5,2
26,5,38
26,5,34
26,5,25
26,5,6
26,5,8
26,5,24
26,5,36
26,5,33
26,5,8
26,5,6
26,5,31
26,5,16
26,5,15
26,5,18
26,5,24
26,5,34
26,5,2
26,5,18
26,5,24
26,5,12
26,5,30
26,5,2
26,5,36
26,5,8
26,5,1
26,5,22
26,5,38
26,5,6
26,5,23
26,5,18
26,5,0
26,5,12
26,5,5
26,5,21
26,5,15
26,5,18
26,5,24
26,5,15
26,5,24
26,5,12
26,5,25
26,5,37
26,5,36
26,5,5
26,5,22
26,5,7
26,5,39
26,5,40
26,5,3
26,5,3
26,5,2
26,5,36
26,5,30
26,5,0
26,5,0
26,5,7
26,5,23
26,5,2
26,5,26
26,5,39
26,5,22
26,5,37
26,5,8
26,5,35
26,5,40
26,5,36
26,5,3
26,5,35
26,5,23
26,5,39
26,5,36
26,5,15
26,5,3
26,5,26
26,5,26
26,5,33
26,5,16
26,5,33
26,5,3
26,5,15
26,5,18
26,5,33
26,5,39
26,5,20
26,5,26
26,5,4
26,5,20
26,5,31
26,5,38
26,5,10
26,5,0
26,5,24
26,5,33
26,5,35
26,5,14
26,5,13
26,5,9
26,5,15
26,5,13
26,5,39
26,5,21
26,5,23
26,5,7
26,5,15
26,5,18
26,5,29
26,5,36
26,5,2
26,5,37
26,5,29
26,5,39
26,5,9
26,5,28
26,5,11
26,5,36
26,5,38
26,5,13
26,5,17
26,5,5
26,5,34
26,5,32
26,5,9
26,5,12
26,5,28
26,5,38
26,5,36
26,5,25
26,5,21
26,5,6
26,5,22
26,5,2
26,5,28
26,5,3
26,5,40
26,5,13
26,5,11
26,5,31
26,5,17
26,5,16
26,5,1
26,5,36
26,5,22
26,5,7
26,5,12
26,5,5
26,5,4
26,5,15
26,5,31
26,5,30
26,5,2
26,5,13
26,5,35
26,5,30
26,5,26
26,5,32
26,5,16
26,5,9
26,5,25
26,5,23
26,5,23
26,5,23
26,5,33
26,5,15
26,5,11
26,5,1
26,5,17
26,5,21
26,5,2
26,5,38
26,5,7
26,5,16
26,5,17
26,5,14
26,5,30
26,5,30
26,5,17
26,5,18
26,5,9
26,5,5
26,5,8
26,5,21
26,5,10
26,5,23
26,5,5
26,5,5
26,5,12
26,5,25
26,5,27
26,5,4
26,5,13
26,5,26
26,5,20
26,5,21
26,5,39
26,5,9
26,5,7
26,5,11
26,5,10
26,5,20
26,5,34
26,5,18
26,5,36
26,5,19
26,5,21
26,5,34
26,5,38
26,5,18
26,5,9
26,5,0
26,5,12
26,5,3
26,5,12
26,5,28
26,5,12
26,5,2
26,5,17
26,5,15
26,5,35
26,5,26
26,5,3
26,5,30
26,5,20
26,5,2
26,5,32
26,5,11
26,5,36
26,5,32
26,5,35
26,5,5
26,5,33
26,5,33
26,5,0
26,5,20
26,5,28
26,5,36
26,5,23
26,5,8
26,5,5
26,5,40
26,5,39
26,5,15
26,5,10
26,5,30
26,5,20
26,5,37
26,5,10
26,5,8
26,5,33
26,5,10
26,5,25
26,5,21
26,5,9
26,5,4
26,5,24
26,5,21
26,5,4
26,5,17
26,5,22
26,5,14
26,5,13
26,5,24
26,5,15
26,5,40
26,5,10
26,5,37
26,5,27
26,5,35
26,5,4
26,5,16
26,5,30
26,5,30
26,5,18
26,5,25
26,5,20
26,5,18
26,5,29
26,5,15
26,5,36
26,5,40
26,5,24
26,5,10
26,5,21
26,5,37
26,6,19
26,6,38
26,6,33
26,6,33
26,6,34
26,6,24
26,6,16
26,6,23
26,6,10
26,6,28
26,6,3
26,6,25
26,6,14
26,6,27
26,6,4
26,6,9
26,6,4
26,6,21
26,6,35
26,6,2
26,6,23
26,6,11
26,6,28
26,6,13
26,6,21
26,6,34
26,6,19
26,6,22
26,6,19
26,6,23
26,6,32
26,6,28
26,6,11
26,6,15
26,6,28
26,6,40
26,6,34
26,6,27
26,6,17
26,6,15
26,6,25
26,6,34
26,6,33
26,6,10
26,6,5
26,6,8
26,6,30
26,6,3
26,6,23
26,6,38
26,6,3
26,6,5
26,6,39
26,6,10
26,6,1
26,6,38
26,6,33
26,6,15
26,6,35
26,6,1
26,6,27
26,6,0
26,6,28
26,6,9
26,6,32
26,6,29
26,6,39
26,6,28
26,6,29
26,6,3
26,6,18
26,6,31
26,6,12
26,6,6
26,6,4
26,6,1
26,6,15
26,6,31
26,6,14
26,6,13
26,6,31
26,6,31
26,6,34
26,6,31
26,6,22
26,6,17
26,6,14
26,6,26
26,6,7
26,6,24
26,6,31
26,6,28
26,6,30
26,6,24
26,6,23
26,6,21
26,6,22
26,6,9
26,6,16
26,6,9
26,6,10
26,6,2
26,6,27
26,6,27
26,6,1
26,6,14
26,6,10
26,6,24
26,6,30
26,6,8
26,6,26
26,6,1
26,6,23
26,6,8
26,6,36
26,6,28
26,6,34
26,6,39
26,6,18
26,6,31
26,6,14
26,6,37
26,6,15
26,6,36
26,6,17
26,6,24
26,6,2
26,6,33
26,6,22
26,6,1
26,6,22
26,6,16
26,6,2
26,6,30
26,6,33
26,6,6
26,6,8
26,6,26
26,6,6
26,6,10
26,6,24
26,6,30
26,6,4
26,6,25
26,6,40
26,6,9
26,6,1
26,6,32
26,6,32
26,6,7
26,6,8
26,6,13
26,6,23
26,6,5
26,6,36
26,6,27
26,6,28
26,6,29
26,6,7
26,6,5
26,6,25
26,6,25
26,6,1
26,6,33
26,6,33
26,6,20
26,6,22
26,6,27
26,6,28
26,6,0
26,6,22
26,6,34
26,6,9
26,6,19
26,6,26
26,6,28
26,6,34
26,6,18
26,6,27
26,6,38
26,6,29
26,6,5
26,6,17
26,6,38
26,6,3
26,6,40
26,6,10
26,6,14
26,6,18
26,6,9
26,6,27
26,6,37
26,6,2
26,6,28
26,6,16
26,6,19
26,6,12
26,6,11
26,6,34
26,6,26
26,6,6
26,6,7
26,6,14
26,6,24
26,6,4
26,6,37
26,6,22
26,6,2
26,6,40
26,6,40
26,6,36
26,6,40
26,6,7
26,6,20
26,6,30
26,6,38
26,6,35
26,6,3
26,6,23
26,6,28
26,6,6
26,6,7
26,6,33
26,6,1
26,6,28
26,6,2
26,6,22
26,6,22
26,6,27
26,6,24
26,6,17
26,6,20
26,6,0
26,6,23
26,6,34
26,6,40
26,6,4
26,6,11
26,6,36
26,6,33
26,6,20
26,6,33
26,6,8
26,6,1
26,6,38
26,6,34
26,6,25
26,6,17
26,6,26
26,6,36
26,6,30
26,6,25
26,6,3
26,6,35
26,6,3
26,6,28
26,6,21
26,6,21
26,6,18
26,6,36
26,6,10
26,6,8
26,6,28
26,6,4
26,6,17
26,6,27
26,6,29
26,6,2
26,6,16
26,6,34
26,6,24
26,6,8
26,6,19
26,6,9
26,6,23
26,6,39
26,6,38
26,6,19
26,6,18
26,6,35
26,6,16
26,6,36
26,6,39
26,6,32
26,6,29
26,6,10
26,6,30
26,6,28
26,6,15
26,6,14
26,7,3
26,7,36
26,7,29
26,7,2
26,7,22
26,7,35
26,7,7
26,7,40
26,7,27
26,7,40
26,7,15
26,7,5
26,7,14
26,7,40
26,7,38
26,7,17
26,7,23
26,7,26
26,7,27
26,7,15
26,7,37
26,7,25
26,7,33
26,7,21
26,7,13
26,7,16
26,7,25
26,7,22
26,7,36
26,7,6
26,7,38
26,7,0
26,7,19
26,7,10
26,7,26
26,7,17
26,7,10
26,7,13
26,7,17
26,7,4
26,7,24
26,7,29
26,7,3
26,7,0
26,7,16
26,7,9
26,7,18
26,7,15
26,7,23
26,7,36
26,7,0
26,7,20
26,7,13
26,7,40
26,7,21
26,7,6
26,7,28
26,7,25
26,7,28
26,7,10
26,7,38
26,7,15
26,7,28
26,7,24
26,7,0
26,7,17
26,7,12
26,7,17
26,7,4
26,7,5
26,7,33
26,7,20
26,7,36
26,7,7
26,7,10
26,7,40
26,7,14
26,7,36
26,7,12
26,7,5
26,7,35
26,7,31
26,7,33
26,7,17
26,7,26
26,7,20
26,7,18
26,7,30
26,7,2
26,7,34
26,7,9
26,7,12
26,7,10
26,7,39
26,7,20
26,7,39
26,7,36
26,7,1
26,7,0
26,7,25
26,7,24
26,7,3
26,7,24
26,7,2
26,7,24
26,7,22
26,7,21
26,7,40
26,7,9
26,7,9
26,7,13
26,7,18
26,7,2
26,7,10
26,7,4
26,7,27
26,7,4
26,7,8
26,7,23
26,7,32
26,7,40
26,7,4
26,7,5
26,7,23
26,7,18
26,7,4
26,7,28
26,7,24
26,7,23
26,7,26
26,7,10
26,7,27
26,7,3
26,7,39
26,7,5
26,7,11
26,7,16
26,7,27
26,7,4
26,7,38
26,7,0
26,7,28
26,7,9
26,7,36
26,7,0
26,7,3
26,7,0
26,7,40
26,7,37
26,7,26
26,7,14
26,7,33
26,7,24
26,7,22
26,7,11
26,7,9
26,7,8
26,7,6
26,7,29
26,7,30
26,7,4
26,7,17
26,7,19
26,7,9
26,7,16
26,7,24
26,7,5
26,7,22
26,7,18
26,7,2
26,7,29
26,7,34
26,7,40
26,7,3
26,7,39
26,7,13
26,7,0
26,7,13
26,7,19
26,7,17
26,7,24
26,7,40
26,7,19
26,7,35
26,7,38
26,7,17
26,7,2
26,7,34
26,7,5
26,7,9
26,7,4
26,7,26
26,7,14
26,7,17
26,7,3
26,7,21
26,7,35
26,7,14
26,7,6
26,7,33
26,7,32
26,7,9
26,7,27
26,7,6
26,7,3
26,7,2
26,7,39
26,7,21
26,7,40
26,7,10
26,7,33
26,7,24
26,7,38
26,7,5
26,7,2
26,7,3
26,7,3
26,7,4
26,7,13
26,7,38
26,7,18
26,7,14
26,7,11
26,7,16
26,7,11
26,7,38
26,7,36
26,7,16
26,7,10
26,7,35
26,7,3
26,7,4
26,7,38
26,7,40
26,7,9
26,7,5
26,7,35
26,7,24
26,7,24
26,7,24
26,7,40
26,7,35
26,7,31
26,7,5
26,7,26
26,7,38
26,7,32
26,7,9
26,7,9
26,7,15
26,7,13
26,7,16
26,7,21
26,7,10
26,7,36
26,7,1
26,7,36
26,7,34
26,7,5
26,7,22
26,7,4
26,7,29
26,7,20
26,7,11
26,7,33
26,7,2
26,7,33
26,7,22
26,7,38
26,7,23
26,7,20
26,7,1
26,7,19
26,7,30
26,7,32
26,7,30
26,7,22
26,7,11
26,7,22
26,7,12
26,7,20
26,7,21
26,7,23
26,7,33
26,7,20
26,7,16
26,7,21
26,7,34
26,7,14
26,7,32
26,8,16
26,8,22
26,8,39
26,8,20
26,8,23
26,8,10
26,8,27
26,8,20
26,8,11
26,8,29
26,8,32
26,8,12
26,8,30
26,8,33
26,8,40
26,8,4
26,8,0
26,8,16
26,8,6
26,8,11
26,8,1
26,8,2
26,8,21
26,8,9
26,8,0
26,8,35
26,8,40
26,8,21
26,8,6
26,8,20
26,8,13
26,8,36
26,8,14
26,8,38
26,8,12
26,8,34
26,8,32
26,8,36
26,8,34
26,8,7
26,8,35
26,8,16
26,8,17
26,8,20
26,8,30
26,8,40
26,8,10
26,8,40
26,8,14
26,8,22
26,8,35
26,8,15
26,8,11
26,8,13
26,8,32
26,8,7
26,8,4
26,8,11
26,8,21
26,8,26
26,8,15
26,8,6
26,8,35
26,8,23
26,8,0
26,8,8
26,8,34
26,8,0
26,8,32
26,8,25
26,8,9
26,8,17
26,8,34
26,8,35
26,8,0
26,8,38
26,8,21
26,8,0
26,8,12
26,8,11
26,8,38
26,8,34
26,8,17
26,8,15
26,8,32
26,8,23
26,8,11
26,8,32
26,8,20
26,8,19
26,8,19
26,8,12
26,8,25
26,8,12
26,8,0
26,8,10
26,8,27
26,8,3
26,8,5
26,8,5
26,8,31
26,8,29
26,8,15
26,8,7
26,8,40
26,8,27
26,8,24
26,8,34
26,8,15
26,8,2
26,8,13
26,8,15
26,8,27
26,8,6
26,8,0
26,8,18
26,8,2
26,8,30
26,8,26
26,8,19
26,8,38
26,8,36
26,8,23
26,8,16
26,8,14
26,8,24
26,8,24
26,8,34
26,8,39
26,8,29
26,8,0
26,8,28
26,8,8
26,8,23
26,8,1
26,8,0
26,8,13
26,8,22
26,8,0
26,8,23
26,8,35
26,8,6
26,8,23
26,8,26
26,8,9
26,8,27
26,8,24
26,8,34
26,8,36
26,8,35
26,8,40
26,8,12
26,8,4
26,8,30
26,8,22
26,8,20
26,8,9
26,8,23
26,8,38
26,8,12
26,8,9
26,8,6
26,8,24
26,8,21
26,8,9
26,8,8
26,8,37
26,8,32
26,8,3
26,8,25
26,8,22
26,8,17
26,8,13
26,8,18
26,8,18
26,8,26
26,8,14
26,8,6
26,8,19
26,8,21
26,8,4
26,8,40
26,8,37
26,8,4
26,8,6
26,8,6
26,8,8
26,8,8
26,8,17
26,8,14
26,8,33
26,8,29
26,8,34
26,8,25
26,8,17
26,8,11
26,8,25
26,8,15
26,8,31
26,8,31
26,8,14
26,8,13
26,8,20
26,8,27
26,8,4
26,8,33
26,8,16
26,8,23
26,8,23
26,8,26
26,8,37
26,8,3
26,8,19
26,8,33
26,8,38
26,8,30
26,8,36
26,8,3
26,8,24
26,8,4
26,8,35
26,8,4
26,8,12
26,8,15
26,8,12
26,8,5
26,8,15
26,8,24
26,8,3
26,8,36
26,8,29
26,8,16
26,8,35
26,8,21
26,8,35
26,8,16
26,8,29
26,8,35
26,8,17
26,8,20
26,8,11
26,8,11
26,8,27
26,8,12
26,8,34
26,8,35
26,8,26
26,8,11
26,8,31
26,8,30
26,8,30
26,8,40
26,8,3
26,8,34
26,8,25
26,8,13
26,8,28
26,8,17
26,8,0
26,8,0
26,8,15
26,8,20
26,8,13
26,8,15
26,8,17
26,8,27
26,8,19
26,8,38
26,8,32
26,8,23
26,8,24
26,8,7
26,8,31
26,8,35
26,8,28
26,8,19
26,8,1
26,8,5
26,8,6
26,8,34
26,8,19
26,8,25
26,8,36
26,8,39
26,8,26
26,8,8
26,8,3
26,8,36
26,8,29
26,8,6
26,9,17
26,9,3
26,9,32
26,9,36
26,9,2
26,9,35
26,9,8
26,9,6
26,9,21
26,9,35
26,9,30
26,9,12
26,9,11
26,9,23
26,9,4
26,9,32
26,9,38
26,9,29
26,9,18
26,9,26
26,9,24
26,9,16
26,9,38
26,9,17
26,9,31
26,9,23
26,9,0
26,9,3
26,9,39
26,9,11
26,9,4
26,9,28
26,9,37
26,9,37
26,9,3
26,9,37
26,9,16
26,9,6
26,9,7
26,9,39
26,9,11
26,9,13
26,9,20
26,9,29
26,9,34
26,9,31
26,9,1
26,9,17
26,9,13
26,9,17
26,9,33
26,9,16
26,9,1
26,9,25
26,9,26
26,9,10
26,9,15
26,9,10
26,9,28
26,9,36
26,9,33
26,9,1
26,9,25
26,9,26
26,9,31
26,9,19
26,9,16
26,9,9
26,9,21
26,9,28
26,9,11
26,9,31
26,9,17
26,9,10
26,9,8
26,9,35
26,9,17
26,9,5
26,9,5
26,9,9
26,9,17
26,9,15
26,9,22
26,9,35
26,9,35
26,9,12
26,9,6
26,9,9
26,9,4
26,9,38
26,9,22
26,9,24
26,9,16
26,9,2
26,9,35
26,9,4
26,9,24
26,9,33
26,9,17
26,9,5
26,9,36
26,9,24
26,9,10
26,9,12
26,9,19
26,9,5
26,9,4
26,9,3
26,9,16
26,9,15
26,9,27
26,9,29
26,9,24
26,9,8
26,9,7
26,9,35
26,9,6
26,9,12
26,9,9
26,9,31
26,9,23
26,9,2
26,9,1
26,9,1
26,9,5
26,9,6
26,9,15
26,9,10
26,9,4
26,9,8
26,9,31
26,9,2
26,9,12
26,9,39
26,9,1
26,9,9
26,9,29
26,9,36
26,9,25
26,9,37
26,9,7
26,9,25
26,9,34
26,9,11
26,9,11
26,9,22
26,9,30
26,9,11
26,9,8
26,9,24
26,9,31
26,9,40
26,9,16
26,9,29
26,9,22
26,9,18
26,9,23
26,9,24
26,9,28
26,9,24
26,9,17
26,9,24
26,9,4
26,9,24
26,9,38
26,9,16
26,9,24
26,9,12
26,9,40
26,9,8
26,9,3
26,9,21
26,9,37
26,9,3
26,9,34
26,9,40
26,9,31
26,9,39
26,9,26
26,9,1
26,9,31
26,9,23
26,9,24
26,9,10
26,9,10
26,9,34
26,9,12
26,9,38
26,9,14
26,9,16
26,9,19
26,9,4
26,9,20
26,9,24
26,9,21
26,9,21
26,9,33
26,9,24
26,9,8
26,9,24
26,9,14
26,9,19
26,9,12
26,9,34
26,9,15
26,9,33
26,9,1
26,9,6
26,9,2
26,9,3
26,9,30
26,9,16
26,9,35
26,9,38
26,9,2
26,9,31
26,9,7
26,9,18
26,9,10
26,9,19
26,9,14
26,9,28
26,9,7
26,9,2
26,9,16
26,9,6
26,9,8
26,9,19
26,9,6
26,9,12
26,9,17
26,9,4
26,9,13
26,9,19
26,9,27
26,9,39
26,9,25
26,9,15
26,9,27
26,9,30
26,9,7
26,9,24
26,9,6
26,9,15
26,9,0
26,9,27
26,9,11
26,9,19
26,9,19
26,9,3
26,9,14
26,9,31
26,9,34
26,9,12
26,9,1
26,9,29
26,9,21
26,9,25
26,9,2
26,9,22
26,9,19
26,9,18
26,9,19
26,9,6
26,9,29
26,9,7
26,9,31
26,9,27
26,9,35
26,9,38
26,9,30
26,9,9
26,9,40
26,9,6
26,9,1
26,9,16
26,9,40
26,9,13
26,9,23
26,9,9
26,9,35
26,9,5
26,9,2
26,9,7
26,9,29
26,9,13
26,9,1
26,9,38
26,9,10
26,9,0
26,10,10
26,10,20
26,10,7
26,10,38
26,10,21
26,10,26
26,10,16
26,10,23
26,10,18
26,10,18
26,10,22
26,10,22
26,10,2
26,10,19
26,10,14
26,10,36
26,10,31
26,10,10
26,10,7
26,10,1
26,10,11
26,10,10
26,10,32
26,10,21
26,10,18
26,10,9
26,10,21
26,10,39
26,10,16
26,10,6
26,10,32
26,10,25
26,10,13
26,10,20
26,10,39
26,10,14
26,10,32
26,10,40
26,10,30
26,10,33
26,10,31
26,10,5
26,10,30
26,10,11
26,10,39
26,10,5
26,10,32
26,10,1
26,10,39
26,10,20
26,10,23
26,10,29
26,10,34
26,10,25
26,10,4
26,10,12
26,10,2
26,10,37
26,10,18
26,10,22
26,10,30
26,10,31
26,10,27
26,10,23
26,10,16
26,10,13
26,10,7
26,10,40
26,10,14
26,10,6
26,10,27
26,10,10
26,10,38
26,10,13
26,10,15
26,10,27
26,10,8
26,10,17
26,10,29
26,10,29
26,10,1
26,10,35
26,10,10
26,10,25
26,10,10
26,10,2
26,10,17
26,10,38
26,10,14
26,10,17
26,10,34
26,10,24
26,10,31
26,10,10
26,10,9
26,10,13
26,10,18
26,10,40
26,10,34
26,10,40
26,10,15
26,10,38
26,10,30
26,10,7
26,10,39
26,10,19
26,10,26
26,10,29
26,10,15
26,10,27
26,10,38
26,10,32
26,10,4
26,10,7
26,10,8
26,10,30
26,10,18
26,10,37
26,10,39
26,10,23
26,10,30
26,10,17
26,10,39
26,10,6
26,10,39
26,10,8
26,10,7
26,10,38
26,10,26
26,10,23
26,10,9
26,10,31
26,10,38
26,10,24
26,10,15
26,10,10
26,10,10
26,10,1
26,10,10
26,10,19
26,10,2
26,10,31
26,10,30
26,10,20
26,10,27
26,10,25
26,10,0
26,10,25
26,10,26
26,10,38
26,10,18
26,10,10
26,10,32
26,10,30
26,10,34
26,10,30
26,10,36
26,10,31
26,10,3
26,10,19
26,10,9
26,10,15
26,10,34
26,10,30
26,10,23
26,10,25
26,10,24
26,10,37
26,10,1
26,10,12
26,10,3
26,10,21
26,10,16
26,10,7
26,10,38
26,10,1
26,10,10
26,10,8
26,10,33
26,10,13
26,10,27
26,10,33
26,10,5
26,10,25
26,10,20
26,10,31
26,10,22
26,10,34
26,10,37
26,10,15
26,10,7
26,10,6
26,10,7
26,10,9
26,10,30
26,10,33
26,10,21
26,10,3
26,10,24
26,10,6
26,10,11
26,10,27
26,10,23
26,10,2
26,10,32
26,10,40
26,10,12
26,10,39
26,10,30
26,10,12
26,10,24
26,10,11
26,10,0
26,10,11
26,10,30
26,10,40
26,10,36
26,10,36
26,10,40
26,10,6
26,10,6
26,10,21
26,10,31
26,10,35
26,10,15
26,10,37
26,10,31
26,10,40
26,10,38
26,10,25
26,10,2
26,10,39
26,10,29
26,10,32
26,10,14
26,10,39
26,10,19
26,10,10
26,10,0
26,10,4
26,10,40
26,10,4
26,10,9
26,10,39
26,10,2
26,10,39
26,10,34
26,10,1
26,10,2
26,10,38
26,10,4
26,10,12
26,10,2
26,10,33
26,10,3
26,10,27
26,10,8
26,10,40
26,10,24
26,10,12
26,10,10
26,10,12
26,10,10
26,10,36
26,10,33
26,10,33
26,10,39
26,10,4
26,10,0
26,10,30
26,10,2
26,10,11
26,10,18
26,10,31
26,10,11
26,10,11
26,10,39
26,10,11
26,10,24
26,10,35
26,10,38
26,10,35
26,10,24
26,10,3
26,10,40
26,10,24
26,10,0
26,10,1
26,10,37
26,10,9
26,11,25
26,11,36
26,11,11
26,11,5
26,11,17
26,11,20
26,11,32
26,11,18
26,11,19
26,11,6
26,11,6
26,11,14
26,11,32
26,11,32
26,11,1
26,11,36
26,11,33
26,11,20
26,11,4
26,11,20
26,11,29
26,11,35
26,11,33
26,11,33
26,11,26
26,11,30
26,11,31
26,11,3
26,11,20
26,11,34
26,11,36
26,11,39
26,11,3
26,11,28
26,11,18
26,11,36
26,11,20
26,11,25
26,11,34
26,11,25
26,11,33
26,11,33
26,11,38
26,11,29
26,11,8
26,11,7
26,11,31
26,11,32
26,11,38
26,11,9
26,11,8
26,11,27
26,11,27
26,11,10
26,11,35
26,11,16
26,11,4
26,11,33
26,11,23
26,11,11
26,11,24
26,11,11
26,11,2
26,11,29
26,11,27
26,11,11
26,11,28
26,11,28
26,11,30
26,11,8
26,11,21
26,11,33
26,11,3
26,11,39
26,11,16
26,11,1
26,11,0
26,11,30
26,11,32
26,11,36
26,11,12
26,11,16
26,11,24
26,11,24
26,11,4
26,11,11
26,11,33
26,11,31
26,11,30
26,11,39
26,11,4
26,11,19
26,11,18
26,11,32
26,11,2
26,11,14
26,11,3
26,11,10
26,11,14
26,11,26
26,11,20
26,11,15
26,11,18
26,11,30
26,11,26
26,11,12
26,11,3
26,11,1
26,11,1
26,11,19
26,11,39
26,11,5
26,11,13
26,11,0
26,11,37
26,11,29
26,11,28
26,11,37
26,11,35
26,11,14
26,11,1
26,11,40
26,11,29
26,11,23
26,11,2
26,11,31
26,11,7
26,11,8
26,11,27
26,11,38
26,11,4
26,11,33
26,11,1
26,11,11
26,11,8
26,11,0
26,11,30
26,11,35
26,11,1
26,11,28
26,11,0
26,11,38
26,11,27
26,11,26
26,11,0
26,11,6
26,11,38
26,11,6
26,11,4
26,11,15
26,11,9
26,11,37
26,11,35
26,11,6
26,11,19
26,11,19
26,11,11
26,11,34
26,11,1
26,11,30
26,11,0
26,11,10
26,11,24
26,11,25
26,11,15
26,11,24
26,11,16
26,11,35
26,11,4
26,11,14
26,11,36
26,11,21
26,11,5
26,11,4
26,11,30
26,11,3
26,11,28
26,11,22
26,11,15
26,11,12
26,11,37
26,11,35
26,11,28
26,11,35
26,11,17
26,11,17
26,11,4
26,11,5
26,11,24
26,11,2
26,11,3
26,11,27
26,11,17
26,11,32
26,11,39
26,11,33
26,11,5
26,11,24
26,11,3
26,11,11
26,11,19
26,11,5
26,11,30
26,11,36
26,11,7
26,11,29
26,11,24
26,11,35
26,11,2
26,11,23
26,11,26
26,11,31
26,11,30
26,11,10
26,11,38
26,11,2
26,11,16
26,11,33
26,11,38
26,11,6
26,11,6
26,11,31
26,11,17
26,11,15
26,11,37
26,11,25
26,11,8
26,11,40
26,11,15
26,11,11
26,11,24
26,11,34
26,11,7
26,11,15
26,11,39
26,11,38
26,11,23
26,11,29
26,11,24
26,11,38
26,11,19
26,11,16
26,11,9
26,11,28
26,11,26
26,11,24
26,11,18
26,11,7
26,11,24
26,11,20
26,11,5
26,11,39
26,11,18
26,11,23
26,11,15
26,11,30
26,11,29
26,11,27
26,11,24
26,11,28
26,11,1
26,11,35
26,11,8
26,11,15
26,11,18
26,11,30
26,11,10
26,11,31
26,11,16
26,11,13
26,11,38
26,11,16
26,11,1
26,11,20
26,11,36
26,11,26
26,11,27
26,11,33
26,11,35
26,11,38
26,11,34
26,11,34
26,11,21
26,11,16
26,11,14
26,11,15
26,11,8
26,11,15
26,11,9
26,11,24
1,1,1
1,1,2
1,1,2
1,1,0
1,1,0
1,2,0
1,2,2
1,2,3
1,2,0
1,2,1
1,3,2
1,3,3
1,3,1
1,3,1
1,3,3
1,4,1
1,4,1
1,4,1
1,4,2
1,4,0
1,5,3
1,5,1
1,5,1
1,5,3
1,5,0
1,6,1
1,6,3
1,6,3
1,6,0
1,6,1
1,7,0
1,7,2
1,7,0
1,7,1
1,7,3
1,8,1
1,8,2
1,8,2
1,8,0
1,8,2
1,9,1
1,9,3
1,9,0
1,9,0
1,9,3
1,10,2
1,10,0
1,10,2
1,10,0
1,10,3
1,11,3
1,11,0
1,11,0
1,11,0
1,11,0
2,1,3
2,1,0
2,1,1
2,1,1
2,1,2
2,2,3
2,2,0
2,2,1
2,2,0
2,2,1
2,3,3
2,3,3
2,3,1
2,3,0
2,3,1
2,4,1
2,4,0
2,4,3
2,4,1
2,4,0
2,5,0
2,5,1
2,5,3
2,5,0
2,5,1
2,6,1
2,6,3
2,6,2
2,6,0
2,6,3
2,7,2
2,7,3
2,7,2
2,7,1
2,7,0
2,8,2
2,8,2
2,8,0
2,8,2
2,8,3
2,9,2
2,9,2
2,9,0
2,9,1
2,9,0
2,10,1
2,10,0
2,10,0
2,10,0
2,10,2
2,11,2
2,11,0
2,11,3
2,11,3
2,11,2
3,1,2
3,1,2
3,1,3
3,1,2
3,1,1
3,2,2
3,2,2
3,2,0
3,2,3
3,2,2
3,3,2
3,3,1
3,3,1
3,3,0
3,3,0
3,4,0
3,4,2
3,4,0
3,4,1
3,4,0
3,5,3
3,5,3
3,5,3
3,5,3
3,5,0
3,6,2
3,6,1
3,6,1
3,6,1
3,6,0
3,7,0
3,7,3
3,7,0
3,7,0
3,7,2
3,8,2
3,8,3
3,8,1
3,8,1
3,8,1
3,9,3
3,9,1
3,9,0
3,9,2
3,9,1
3,10,1
3,10,3
3,10,0
3,10,1
3,10,1
3,11,2
3,11,1
3,11,1
3,11,2
3,11,0
4,1,0
4,1,1
4,1,2
4,1,3
4,1,2
4,2,0
4,2,0
4,2,3
4,2,2
4,2,3
4,3,0
4,3,3
4,3,3
4,3,3
4,3,1
4,4,1
4,4,2
4,4,1
4,4,0
4,4,2
4,5,1
4,5,1
4,5,3
4,5,0
4,5,0
4,6,3
4,6,1
4,6,2
4,6,0
4,6,3
4,7,1
4,7,1
4,7,0
4,7,2
4,7,2
4,8,0
4,8,0
4,8,0
4,8,2
4,8,0
4,9,2
4,9,3
4,9,3
4,9,2
4,9,1
4,10,2
4,10,2
4,10,0
4,10,0
4,10,3
4,11,3
4,11,3
4,11,2
4,11,1
4,11,3
5,1,3
5,1,0
5,1,2
5,1,0
5,1,3
5,2,0
5,2,3
5,2,3
5,2,3
5,2,2
5,3,1
5,3,2
5,3,3
5,3,2
5,3,3
5,4,2
5,4,3
5,4,2
5,4,1
5,4,2
5,5,2
5,5,0
5,5,3
5,5,1
5,5,1
5,6,2
5,6,3
5,6,2
5,6,1
5,6,3
5,7,0
5,7,1
5,7,1
5,7,1
5,7,1
5,8,3
5,8,1
5,8,3
5,8,0
5,8,0
5,9,2
5,9,3
5,9,3
5,9,1
5,9,0
5,10,0
5,10,0
5,10,3
5,10,1
5,10,0
5,11,0
5,11,1
5,11,2
5,11,1
5,11,0
6,1,2
6,1,2
6,1,1
6,1,2
6,1,0
6,2,3
6,2,1
6,2,2
6,2,1
6,2,3
6,3,2
6,3,2
6,3,3
6,3,3
6,3,2
6,4,0
6,4,0
6,4,1
6,4,2
6,4,3
6,5,0
6,5,1
6,5,2
6,5,0
6,5,2
6,6,0
6,6,1
6,6,1
6,6,2
6,6,0
6,7,1
6,7,0
6,7,2
6,7,0
6,7,2
6,8,2
6,8,2
6,8,0
6,8,0
6,8,3
6,9,2
6,9,2
6,9,2
6,9,2
6,9,1
6,10,0
6,10,1
6,10,2
6,10,0
6,10,2
6,11,1
6,11,2
6,11,3
6,11,2
6,11,2
7,1,32
7,1,29
7,1,16
7,1,37
7,1,16
7,2,40
7,2,21
7,2,12
7,2,22
7,2,39
7,3,7
7,3,23
7,3,19
7,3,23
7,3,3
7,4,4
7,4,33
7,4,10
7,4,31
7,4,23
7,5,23
7,5,8
7,5,0
7,5,28
7,5,2
7,6,18
7,6,1
7,6,20
7,6,20
7,6,17
7,7,30
7,7,25
7,7,27
7,7,29
7,7,9
7,8,31
7,8,0
7,8,20
7,8,26
7,8,34
7,9,17
7,9,11
7,9,25
7,9,28
7,9,34
7,10,21
7,10,23
7,10,21
7,10,5
7,10,34
7,11,23
7,11,17
7,11,16
7,11,33
7,11,29
8,1,8
8,1,23
8,1,39
8,1,28
8,1,2
8,2,15
8,2,13
8,2,37
8,2,2
8,2,22
8,3,0
8,3,7
8,3,11
8,3,24
8,3,0
8,4,13
8,4,5
8,4,22
8,4,23
8,4,6
8,5,39
8,5,14
8,5,13
8,5,37
8,5,2
8,6,26
8,6,21
8,6,11
8,6,32
8,6,6
8,7,38
8,7,11
8,7,34
8,7,15
8,7,19
8,8,8
8,8,3
8,8,6
8,8,5
8,8,6
8,9,20
8,9,30
8,9,3
8,9,2
8,9,28
8,10,25
8,10,2
8,10,40
8,10,36
8,10,30
8,11,34
8,11,35
8,11,8
8,11,11
8,11,20
9,1,4
9,1,29
9,1,28
9,1,6
9,1,15
9,2,36
9,2,13
9,2,35
9,2,35
9,2,7
9,3,33
9,3,23
9,3,36
9,3,18
9,3,4
9,4,38
9,4,37
9,4,2
9,4,18
9,4,1
9,5,36
9,5,11
9,5,25
9,5,1
9,5,31
9,6,24
9,6,29
9,6,24
9,6,14
9,6,35
9,7,8
9,7,10
9,7,2
9,7,9
9,7,12
9,8,15
9,8,39
9,8,11
9,8,8
9,8,32
9,9,1
9,9,39
9,9,0
9,9,3
9,9,35
9,10,3
9,10,7
9,10,14
9,10,26
9,10,2
9,11,11
9,11,25
9,11,33
9,11,29
9,11,6
10,1,9
10,1,5
10,1,6
10,1,6
10,1,38
10,2,30
10,2,0
10,2,31
10,2,21
10,2,26
10,3,5
10,3,37
10,3,29
10,3,19
10,3,28
10,4,22
10,4,35
10,4,26
10,4,37
10,4,36
10,5,31
10,5,14
10,5,38
10,5,38
10,5,28
10,6,15
10,6,18
10,6,7
10,6,20
10,6,23
10,7,33
10,7,10
10,7,5
10,7,40
10,7,4
10,8,18
10,8,15
10,8,15
10,8,23
10,8,28
10,9,0
10,9,26
10,9,11
10,9,25
10,9,16
10,10,38
10,10,20
10,10,11
10,10,25
10,10,32
10,11,4
10,11,12
10,11,10
10,11,14
10,11,5
11,1,5
11,1,10
11,1,26
11,1,30
11,1,28
11,2,5
11,2,32
11,2,38
11,2,34
11,2,40
11,3,4
11,3,40
11,3,33
11,3,7
11,3,27
11,4,24
11,4,19
11,4,19
11,4,35
11,4,26
11,5,27
11,5,16
11,5,6
11,5,8
11,5,4
11,6,37
11,6,22
11,6,12
11,6,33
11,6,16
11,7,16
11,7,7
11,7,23
11,7,2
11,7,18
11,8,12
11,8,13
11,8,36
11,8,18
11,8,17
11,9,7
11,9,4
11,9,34
11,9,2
11,9,30
11,10,39
11,10,32
11,10,29
11,10,4
11,10,9
11,11,35
11,11,29
11,11,36
11,11,2
11,11,38
12,1,16
12,1,12
12,1,13
12,1,16
12,1,31
12,2,33
12,2,31
12,2,6
12,2,33
12,2,30
12,3,38
12,3,35
12,3,26
12,3,16
12,3,36
12,4,14
12,4,22
12,4,0
12,4,9
12,4,35
12,5,27
12,5,10
12,5,12
12,5,33
12,5,9
12,6,16
12,6,14
12,6,29
12,6,38
12,6,18
12,7,31
12,7,34
12,7,3
12,7,35
12,7,6
12,8,24
12,8,4
12,8,1
12,8,17
12,8,13
12,9,40
12,9,0
12,9,32
12,9,20
12,9,0
12,10,2
12,10,35
12,10,0
12,10,26
12,10,7
12,11,15
12,11,39
12,11,14
12,11,40
12,11,3
13,1,23
13,1,6
13,1,27
13,1,24
13,1,4
13,2,36
13,2,10
13,2,17
13,2,36
13,2,40
13,3,37
13,3,17
13,3,22
13,3,0
13,3,11
13,4,33
13,4,35
13,4,22
13,4,37
13,4,13
13,5,25
13,5,13
13,5,13
13,5,3
13,5,2
13,6,21
13,6,28
13,6,17
13,6,17
13,6,27
13,7,16
13,7,0
13,7,30
13,7,40
13,7,37
13,8,38
13,8,38
13,8,3
13,8,16
13,8,26
13,9,19
13,9,33
13,9,29
13,9,2
13,9,37
13,10,25
13,10,38
13,10,6
13,10,40
13,10,12
13,11,32
13,11,18
13,11,3
13,11,27
13,11,5
14,1,9
14,1,11
14,1,33
14,1,14
14,1,34
14,2,26
14,2,23
14,2,1
14,2,4
14,2,38
14,3,0
14,3,29
14,3,40
14,3,25
14,3,12
14,4,40
14,4,15
14,4,22
14,4,36
14,4,24
14,5,1
14,5,29
14,5,11
14,5,21
14,5,4
14,6,31
14,6,24
14,6,32
14,6,7
14,6,8
14,7,29
14,7,3
14,7,22
14,7,22
14,7,33
14,8,29
14,8,10
14,8,32
14,8,4
14,8,40
14,9,5
14,9,30
14,9,4
14,9,40
14,9,7
14,10,21
14,10,40
14,10,15
14,10,31
14,10,16
14,11,0
14,11,21
14,11,39
14,11,12
14,11,22
15,1,0
15,1,1
15,1,0
15,1,2
15,1,0
15,2,1
15,2,0
15,2,1
15,2,2
15,2,2
15,3,2
15,3,0
15,3,0
15,3,2
15,3,1
15,4,2
15,4,2
15,4,2
15,4,2
15,4,0
15,5,2
15,5,0
15,5,2
15,5,1
15,5,1
15,6,1
15,6,2
15,6,1
15,6,1
15,6,1
15,7,1
15,7,0
15,7,1
15,7,1
15,7,1
15,8,1
15,8,0
15,8,1
15,8,0
15,8,1
15,9,2
15,9,0
15,9,1
15,9,2
15,9,1
15,10,1
15,10,2
15,10,0
15,10,2
15,10,1
15,11,0
15,11,1
15,11,2
15,11,1
15,11,2
16,1,2
16,1,0
16,1,2
16,1,2
16,1,0
16,2,1
16,2,0
16,2,2
16,2,2
16,2,1
16,3,0
16,3,2
16,3,2
16,3,0
16,3,2
16,4,1
16,4,1
16,4,0
16,4,2
16,4,0
16,5,0
16,5,2
16,5,2
16,5,0
16,5,1
16,6,1
16,6,1
16,6,1
16,6,1
16,6,0
16,7,2
16,7,0
16,7,2
16,7,1
16,7,0
16,8,0
16,8,0
16,8,1
16,8,1
16,8,0
16,9,1
16,9,1
16,9,0
16,9,2
16,9,2
16,10,0
16,10,1
16,10,2
16,10,2
16,10,2
16,11,2
16,11,1
16,11,0
16,11,2
16,11,1
17,1,1
17,1,5
17,1,4
17,1,0
17,1,1
17,2,2
17,2,5
17,2,2
17,2,1
17,2,1
17,3,3
17,3,0
17,3,1
17,3,5
17,3,2
17,4,1
17,4,3
17,4,2
17,4,3
17,4,2
17,5,0
17,5,3
17,5,3
17,5,1
17,5,5
17,6,3
17,6,5
17,6,2
17,6,2
17,6,3
17,7,3
17,7,0
17,7,1
17,7,3
17,7,2
17,8,3
17,8,4
17,8,1
17,8,3
17,8,3
17,9,2
17,9,4
17,9,5
17,9,0
17,9,5
17,10,0
17,10,4
17,10,3
17,10,2
17,10,0
17,11,2
17,11,3
17,11,2
17,11,0
17,11,4
18,1,5
18,1,3
18,1,4
18,1,2
18,1,3
18,2,4
18,2,1
18,2,5
18,2,1
18,2,3
18,3,3
18,3,2
18,3,4
18,3,0
18,3,5
18,4,4
18,4,2
18,4,1
18,4,5
18,4,2
18,5,0
18,5,5
18,5,4
18,5,3
18,5,3
18,6,0
18,6,4
18,6,3
18,6,3
18,6,4
18,7,3
18,7,2
18,7,3
18,7,4
18,7,4
18,8,1
18,8,0
18,8,0
18,8,3
18,8,4
18,9,3
18,9,5
18,9,4
18,9,3
18,9,5
18,10,5
18,10,3
18,10,0
18,10,4
18,10,5
18,11,1
18,11,1
18,11,2
18,11,5
18,11,2
19,1,5
19,1,0
19,1,3
19,1,5
19,1,2
19,2,3
19,2,3
19,2,0
19,2,5
19,2,4
19,3,5
19,3,5
19,3,0
19,3,1
19,3,4
19,4,1
19,4,4
19,4,2
19,4,5
19,4,5
19,5,1
19,5,1
19,5,3
19,5,0
19,5,2
19,6,5
19,6,1
19,6,4
19,6,0
19,6,1
19,7,3
19,7,0
19,7,5
19,7,3
19,7,5
19,8,1
19,8,5
19,8,4
19,8,0
19,8,3
19,9,0
19,9,0
19,9,5
19,9,3
19,9,1
19,10,5
19,10,2
19,10,4
19,10,1
19,10,2
19,11,3
19,11,5
19,11,0
19,11,2
19,11,4
20,1,0
20,1,4
20,1,1
20,1,2
20,1,5
20,2,3
20,2,3
20,2,5
20,2,4
20,2,5
20,3,3
20,3,0
20,3,5
20,3,2
20,3,0
20,4,4
20,4,5
20,4,5
20,4,2
20,4,2
20,5,5
20,5,2
20,5,0
20,5,1
20,5,3
20,6,4
20,6,0
20,6,3
20,6,5
20,6,1
20,7,3
20,7,3
20,7,3
20,7,4
20,7,5
20,8,2
20,8,1
20,8,2
20,8,1
20,8,3
20,9,5
20,9,3
20,9,0
20,9,2
20,9,3
20,10,3
20,10,4
20,10,5
20,10,5
20,10,5
20,11,3
20,11,1
20,11,5
20,11,3
20,11,2
21,1,0
21,1,0
21,1,1
21,1,1
21,1,4
21,2,2
21,2,1
21,2,2
21,2,1
21,2,0
21,3,5
21,3,5
21,3,3
21,3,3
21,3,1
21,4,2
21,4,3
21,4,3
21,4,5
21,4,1
21,5,4
21,5,3
21,5,0
21,5,3
21,5,1
21,6,5
21,6,3
21,6,4
21,6,5
21,6,5
21,7,3
21,7,4
21,7,3
21,7,3
21,7,1
21,8,1
21,8,2
21,8,4
21,8,5
21,8,4
21,9,0
21,9,4
21,9,5
21,9,5
21,9,3
21,10,1
21,10,2
21,10,3
21,10,0
21,10,1
21,11,5
21,11,5
21,11,2
21,11,4
21,11,2
22,1,1
22,1,2
22,1,2
22,1,5
22,1,1
22,2,3
22,2,1
22,2,2
22,2,1
22,2,0
22,3,0
22,3,0
22,3,2
22,3,5
22,3,1
22,4,0
22,4,2
22,4,1
22,4,4
22,4,5
22,5,3
22,5,0
22,5,1
22,5,5
22,5,3
22,6,4
22,6,0
22,6,4
22,6,2
22,6,4
22,7,3
22,7,2
22,7,3
22,7,0
22,7,0
22,8,1
22,8,3
22,8,3
22,8,0
22,8,1
22,9,4
22,9,4
22,9,4
22,9,2
22,9,3
22,10,2
22,10,5
22,10,5
22,10,0
22,10,1
22,11,1
22,11,5
22,11,4
22,11,0
22,11,4
23,1,5
23,1,0
23,1,3
23,1,2
23,1,2
23,2,2
23,2,4
23,2,3
23,2,0
23,2,4
23,3,0
23,3,0
23,3,3
23,3,3
23,3,2
23,4,2
23,4,4
23,4,1
23,4,3
23,4,3
23,5,3
23,5,3
23,5,0
23,5,3
23,5,1
23,6,1
23,6,4
23,6,3
23,6,5
23,6,1
23,7,5
23,7,0
23,7,0
23,7,4
23,7,0
23,8,0
23,8,5
23,8,1
23,8,1
23,8,2
23,9,4
23,9,4
23,9,1
23,9,4
23,9,3
23,10,5
23,10,2
23,10,2
23,10,4
23,10,5
23,11,1
23,11,0
23,11,5
23,11,0
23,11,0
24,1,0
24,1,2
24,1,1
24,1,0
24,1,2
24,2,5
24,2,3
24,2,1
24,2,3
24,2,2
24,3,2
24,3,3
24,3,5
24,3,0
24,3,4
24,4,0
24,4,0
24,4,2
24,4,5
24,4,4
24,5,2
24,5,4
24,5,1
24,5,0
24,5,0
24,6,1
24,6,5
24,6,5
24,6,1
24,6,0
24,7,2
24,7,0
24,7,1
24,7,1
24,7,4
24,8,0
24,8,3
24,8,4
24,8,4
24,8,2
24,9,0
24,9,2
24,9,3
24,9,4
24,9,3
24,10,0
24,10,4
24,10,5
24,10,3
24,10,2
24,11,0
24,11,1
24,11,1
24,11,4
24,11,1
25,1,9
25,1,10
25,1,3
25,1,1
25,1,7
25,2,0
25,2,5
25,2,6
25,2,10
25,2,2
25,3,4
25,3,6
25,3,7
25,3,0
25,3,9
25,4,3
25,4,8
25,4,2
25,4,10
25,4,5
25,5,0
25,5,10
25,5,8
25,5,1
25,5,6
25,6,0
25,6,4
25,6,3
25,6,8
25,6,4
25,7,5
25,7,8
25,7,6
25,7,3
25,7,1
25,8,1
25,8,10
25,8,10
25,8,10
25,8,3
25,9,0
25,9,2
25,9,10
25,9,3
25,9,5
25,10,4
25,10,5
25,10,0
25,10,9
25,10,4
25,11,10
25,11,3
25,11,1
25,11,7
25,11,2
26,1,5
26,1,6
26,1,2
26,1,8
26,1,0
26,2,0
26,2,7
26,2,7
26,2,1
26,2,0
26,3,0
26,3,4
26,3,9
26,3,8
26,3,4
26,4,1
26,4,10
26,4,6
26,4,1
26,4,6
26,5,10
26,5,3
26,5,6
26,5,2
26,5,5
26,6,8
26,6,7
26,6,8
26,6,4
26,6,6
26,7,9
26,7,10
26,7,7
26,7,2
26,7,10
26,8,7
26,8,10
26,8,4
26,8,7
26,8,9
26,9,10
26,9,10
26,9,6
26,9,3
26,9,8
26,10,3
26,10,8
26,10,2
26,10,9
26,10,8
26,11,10
26,11,4
26,11,7
26,11,6
26,11,7
27,1,10
27,1,2
27,1,0
27,1,8
27,1,12
27,2,8
27,2,6
27,2,7
27,2,5
27,2,7
27,3,1
27,3,2
27,3,4
27,3,5
27,3,6
27,4,11
27,4,2
27,4,12
27,4,5
27,4,11
27,5,3
27,5,6
27,5,0
27,5,7
27,5,8
27,6,12
27,6,5
27,6,0
27,6,12
27,6,9
27,7,4
27,7,5
27,7,2
27,7,7
27,7,10
27,8,3
27,8,13
27,8,7
27,8,11
27,8,0
27,9,6
27,9,1
27,9,2
27,9,4
27,9,12
27,10,9
27,10,12
27,10,2
27,10,8
27,10,15
27,11,4
27,11,5
27,11,14
27,11,14
27,11,5
28,1,6
28,1,11
28,1,1
28,1,11
28,1,12
28,2,9
28,2,14
28,2,0
28,2,12
28,2,9
28,3,10
28,3,1
28,3,11
28,3,13
28,3,5
28,4,9
28,4,13
28,4,1
28,4,11
28,4,13
28,5,12
28,5,3
28,5,4
28,5,14
28,5,12
28,6,11
28,6,10
28,6,15
28,6,5
28,6,14
28,7,2
28,7,11
28,7,5
28,7,3
28,7,8
28,8,2
28,8,14
28,8,3
28,8,9
28,8,12
28,9,7
28,9,12
28,9,7
28,9,1
28,9,10
28,10,3
28,10,12
28,10,15
28,10,10
28,10,13
28,11,8
28,11,11
28,11,11
28,11,12
28,11,10
29,1,10
29,1,1
29,1,14
29,1,1
29,1,15
29,2,8
29,2,3
29,2,2
29,2,2
29,2,13
29,3,10
29,3,10
29,3,5
29,3,9
29,3,6
29,4,15
29,4,10
29,4,12
29,4,11
29,4,4
29,5,12
29,5,13
29,5,1
29,5,7
29,5,12
29,6,8
29,6,7
29,6,6
29,6,8
29,6,1
29,7,11
29,7,13
29,7,1
29,7,14
29,7,12
29,8,6
29,8,5
29,8,3
29,8,1
29,8,5
29,9,9
29,9,4
29,9,0
29,9,4
29,9,11
29,10,12
29,10,12
29,10,4
29,10,8
29,10,3
29,11,9
29,11,4
29,11,11
29,11,3
29,11,8
30,1,8
30,1,3
30,1,8
30,1,6
30,1,5
30,2,8
30,2,5
30,2,3
30,2,12
30,2,7
30,3,9
30,3,13
30,3,3
30,3,10
30,3,6
30,4,10
30,4,2
30,4,0
30,4,8
30,4,10
30,5,13
30,5,5
30,5,12
30,5,3
30,5,3
30,6,10
30,6,1
30,6,5
30,6,7
30,6,13
30,7,5
30,7,2
30,7,5
30,7,2
30,7,2
30,8,13
30,8,5
30,8,0
30,8,0
30,8,14
30,9,10
30,9,12
30,9,12
30,9,12
30,9,8
30,10,7
30,10,12
30,10,13
30,10,11
30,10,6
30,11,9
30,11,9
30,11,4
30,11,14
30,11,11
31,1,13
31,1,14
31,1,7
31,1,13
31,1,2
31,2,13
31,2,2
31,2,4
31,2,7
31,2,11
31,3,3
31,3,14
31,3,9
31,3,12
31,3,15
31,4,5
31,4,1
31,4,8
31,4,8
31,4,1
31,5,1
31,5,13
31,5,6
31,5,5
31,5,15
31,6,15
31,6,7
31,6,0
31,6,14
31,6,0
31,7,0
31,7,4
31,7,6
31,7,4
31,7,14
31,8,12
31,8,4
31,8,1
31,8,1
31,8,12
31,9,0
31,9,7
31,9,10
31,9,12
31,9,15
31,10,10
31,10,5
31,10,6
31,10,6
31,10,13
31,11,6
31,11,9
31,11,6
31,11,5
31,11,6
32,1,13
32,1,6
32,1,6
32,1,13
32,1,14
32,2,7
32,2,12
32,2,4
32,2,1
32,2,13
32,3,13
32,3,5
32,3,13
32,3,0
32,3,7
32,4,5
32,4,8
32,4,6
32,4,13
32,4,10
32,5,5
32,5,2
32,5,1
32,5,12
32,5,10
32,6,2
32,6,3
32,6,0
32,6,1
32,6,6
32,7,2
32,7,15
32,7,6
32,7,14
32,7,13
32,8,3
32,8,15
32,8,14
32,8,5
32,8,4
32,9,1
32,9,6
32,9,7
32,9,12
32,9,14
32,10,10
32,10,10
32,10,4
32,10,3
32,10,12
32,11,12
32,11,0
32,11,1
32,11,13
32,11,5
33,1,5
33,1,1
33,1,4
33,1,5
33,1,3
33,2,0
33,2,0
33,2,1
33,2,0
33,2,3
33,3,8
33,3,4
33,3,0
33,3,7
33,3,3
33,4,2
33,4,0
33,4,0
33,4,1
33,4,5
33,5,0
33,5,8
33,5,8
33,5,7
33,5,7
33,6,5
33,6,4
33,6,6
33,6,8
33,6,6
33,7,6
33,7,1
33,7,6
33,7,8
33,7,4
33,8,2
33,8,7
33,8,6
33,8,7
33,8,3
33,9,1
33,9,5
33,9,1
33,9,4
33,9,8
33,10,1
33,10,3
33,10,7
33,10,2
33,10,1
33,11,7
33,11,5
33,11,8
33,11,2
33,11,3
34,1,3
34,1,5
34,1,7
34,1,3
34,1,7
34,2,6
34,2,3
34,2,3
34,2,3
34,2,4
34,3,5
34,3,3
34,3,7
34,3,8
34,3,5
34,4,3
34,4,6
34,4,8
34,4,7
34,4,3
34,5,2
34,5,5
34,5,4
34,5,6
34,5,5
34,6,4
34,6,3
34,6,5
34,6,1
34,6,1
34,7,8
34,7,7
34,7,7
34,7,4
34,7,3
34,8,1
34,8,0
34,8,0
34,8,2
34,8,1
34,9,6
34,9,8
34,9,5
34,9,6
34,9,0
34,10,5
34,10,2
34,10,0
34,10,3
34,10,5
34,11,2
34,11,3
34,11,5
34,11,0
34,11,3
35,1,6
35,1,4
35,1,3
35,1,4
35,1,0
35,2,0
35,2,0
35,2,8
35,2,4
35,2,4
35,3,0
35,3,6
35,3,1
35,3,1
35,3,1
35,4,5
35,4,0
35,4,7
35,4,6
35,4,0
35,5,6
35,5,4
35,5,7
35,5,2
35,5,5
35,6,2
35,6,5
35,6,5
35,6,5
35,6,0
35,7,3
35,7,0
35,7,7
35,7,1
35,7,2
35,8,8
35,8,2
35,8,7
35,8,1
35,8,2
35,9,2
35,9,4
35,9,2
35,9,1
35,9,5
35,10,2
35,10,5
35,10,6
35,10,7
35,10,8
35,11,4
35,11,1
35,11,1
35,11,7
35,11,8
36,1,2
36,1,0
36,1,8
36,1,4
36,1,6
36,2,8
36,2,1
36,2,1
36,2,6
36,2,8
36,3,3
36,3,6
36,3,0
36,3,6
36,3,2
36,4,7
36,4,3
36,4,3
36,4,8
36,4,6
36,5,6
36,5,1
36,5,6
36,5,5
36,5,0
36,6,5
36,6,3
36,6,3
36,6,8
36,6,7
36,7,6
36,7,7
36,7,1
36,7,3
36,7,5
36,8,6
36,8,4
36,8,6
36,8,2
36,8,4
36,9,7
36,9,0
36,9,7
36,9,7
36,9,5
36,10,0
36,10,4
36,10,8
36,10,5
36,10,1
36,11,0
36,11,2
36,11,8
36,11,8
36,11,3
37,1,1
37,1,1
37,1,2
37,1,1
37,1,1
37,2,2
37,2,0
37,2,2
37,2,2
37,2,0
37,3,1
37,3,1
37,3,0
37,3,1
37,3,0
37,4,1
37,4,2
37,4,2
37,4,1
37,4,0
37,5,0
37,5,1
37,5,0
37,5,2
37,5,0
37,6,2
37,6,0
37,6,0
37,6,1
37,6,2
37,7,1
37,7,2
37,7,2
37,7,0
37,7,1
37,8,0
37,8,0
37,8,0
37,8,0
37,8,1
37,9,0
37,9,1
37,9,1
37,9,2
37,9,1
37,10,2
37,10,0
37,10,1
37,10,1
37,10,1
37,11,2
37,11,2
37,11,2
37,11,0
37,11,0
38,1,0
38,1,2
38,1,1
38,1,0
38,1,1
38,2,2
38,2,2
38,2,1
38,2,0
38,2,1
38,3,2
38,3,1
38,3,0
38,3,1
38,3,1
38,4,1
38,4,2
38,4,1
38,4,1
38,4,2
38,5,1
38,5,2
38,5,0
38,5,1
38,5,2
38,6,0
38,6,2
38,6,0
38,6,0
38,6,0
38,7,0
38,7,1
38,7,2
38,7,2
38,7,0
38,8,2
38,8,2
38,8,0
38,8,1
38,8,1
38,9,2
38,9,0
38,9,1
38,9,2
38,9,1
38,10,1
38,10,2
38,10,0
38,10,2
38,10,0
38,11,2
38,11,0
38,11,1
38,11,2
38,11,0
39,1,2
39,1,1
39,1,2
39,1,1
39,1,1
39,2,1
39,2,0
39,2,0
39,2,2
39,2,0
39,3,0
39,3,0
39,3,0
39,3,1
39,3,0
39,4,1
39,4,1
39,4,1
39,4,1
39,4,0
39,5,2
39,5,0
39,5,2
39,5,2
39,5,2
39,6,1
39,6,1
39,6,0
39,6,2
39,6,1
39,7,1
39,7,0
39,7,2
39,7,2
39,7,2
39,8,0
39,8,2
39,8,2
39,8,2
39,8,0
39,9,2
39,9,1
39,9,2
39,9,0
39,9,2
39,10,0
39,10,1
39,10,0
39,10,2
39,10,2
39,11,0
39,11,2
39,11,0
39,11,2
39,11,0
40,1,0
40,1,1
40,1,3
40,1,3
40,1,1
40,2,6
40,2,1
40,2,5
40,2,0
40,2,1
40,3,5
40,3,6
40,3,4
40,3,0
40,3,4
40,4,2
40,4,3
40,4,2
40,4,0
40,4,3
40,5,6
40,5,0
40,5,5
40,5,1
40,5,1
40,6,0
40,6,3
40,6,1
40,6,3
40,6,2
40,7,4
40,7,6
40,7,4
40,7,4
40,7,0
40,8,6
40,8,6
40,8,1
40,8,5
40,8,4
40,9,3
40,9,5
40,9,6
40,9,4
40,9,1
40,10,1
40,10,5
40,10,0
40,10,5
40,10,5
40,11,5
40,11,0
40,11,1
40,11,6
40,11,5
41,1,2
41,1,0
41,1,1
41,1,1
41,1,5
41,2,5
41,2,0
41,2,4
41,2,5
41,2,1
41,3,3
41,3,1
41,3,3
41,3,1
41,3,5
41,4,4
41,4,4
41,4,5
41,4,2
41,4,2
41,5,3
41,5,0
41,5,3
41,5,6
41,5,0
41,6,6
41,6,2
41,6,5
41,6,4
41,6,2
41,7,2
41,7,3
41,7,4
41,7,2
41,7,4
41,8,1
41,8,4
41,8,6
41,8,5
41,8,5
41,9,6
41,9,3
41,9,0
41,9,3
41,9,4
41,10,4
41,10,6
41,10,5
41,10,2
41,10,5
41,11,2
41,11,2
41,11,2
41,11,2
41,11,4
42,1,3
42,1,2
42,1,5
42,1,6
42,1,6
42,2,6
42,2,6
42,2,3
42,2,1
42,2,1
42,3,2
42,3,4
42,3,0
42,3,0
42,3,0
42,4,2
42,4,2
42,4,6
42,4,2
42,4,5
42,5,2
42,5,1
42,5,3
42,5,1
42,5,0
42,6,4
42,6,5
42,6,2
42,6,0
42,6,3
42,7,2
42,7,5
42,7,0
42,7,6
42,7,4
42,8,4
42,8,1
42,8,1
42,8,2
42,8,4
42,9,2
42,9,3
42,9,0
42,9,6
42,9,1
42,10,5
42,10,1
42,10,3
42,10,3
42,10,2
42,11,5
42,11,1
42,11,5
42,11,6
42,11,0
43,1,0
43,1,4
43,1,4
43,1,1
43,1,1
43,2,5
43,2,0
43,2,0
43,2,3
43,2,3
43,3,6
43,3,0
43,3,1
43,3,2
43,3,6
43,4,2
43,4,6
43,4,0
43,4,4
43,4,2
43,5,0
43,5,1
43,5,3
43,5,6
43,5,3
43,6,3
43,6,5
43,6,6
43,6,6
43,6,4
43,7,2
43,7,4
43,7,0
43,7,1
43,7,5
43,8,1
43,8,0
43,8,4
43,8,2
43,8,5
43,9,4
43,9,0
43,9,4
43,9,5
43,9,6
43,10,0
43,10,2
43,10,3
43,10,1
43,10,3
43,11,1
43,11,4
43,11,5
43,11,2
43,11,0
44,1,0
44,1,3
44,1,6
44,1,1
44,1,0
44,2,5
44,2,0
44,2,3
44,2,1
44,2,6
44,3,1
44,3,6
44,3,6
44,3,5
44,3,5
44,4,3
44,4,3
44,4,1
44,4,4
44,4,1
44,5,4
44,5,0
44,5,3
44,5,2
44,5,2
44,6,0
44,6,5
44,6,5
44,6,1
44,6,0
44,7,1
44,7,1
44,7,4
44,7,0
44,7,6
44,8,5
44,8,4
44,8,5
44,8,1
44,8,0
44,9,6
44,9,5
44,9,6
44,9,0
44,9,4
44,10,4
44,10,4
44,10,1
44,10,4
44,10,5
44,11,2
44,11,0
44,11,6
44,11,4
44,11,3
45,1,26
45,1,49
45,1,15
45,1,45
45,1,9
45,2,15
45,2,50
45,2,18
45,2,29
45,2,42
45,3,15
45,3,18
45,3,44
45,3,21
45,3,17
45,4,12
45,4,48
45,4,44
45,4,35
45,4,7
45,5,46
45,5,5
45,5,48
45,5,49
45,5,28
45,6,26
45,6,15
45,6,28
45,6,30
45,6,36
45,7,28
45,7,39
45,7,7
45,7,2
45,7,35
45,8,31
45,8,17
45,8,28
45,8,42
45,8,16
45,9,37
45,9,2
45,9,26
45,9,36
45,9,45
45,10,7
45,10,8
45,10,46
45,10,27
45,10,8
45,11,2
45,11,25
45,11,15
45,11,23
45,11,22
46,1,21
46,1,39
46,1,39
46,1,9
46,1,42
46,2,27
46,2,40
46,2,39
46,2,16
46,2,38
46,3,2
46,3,40
46,3,44
46,3,28
46,3,4
46,4,5
46,4,26
46,4,9
46,4,21
46,4,32
46,5,45
46,5,7
46,5,14
46,5,10
46,5,3
46,6,37
46,6,36
46,6,45
46,6,3
46,6,18
46,7,43
46,7,26
46,7,39
46,7,34
46,7,9
46,8,26
46,8,28
46,8,13
46,8,1
46,8,43
46,9,30
46,9,3
46,9,0
46,9,23
46,9,42
46,10,46
46,10,12
46,10,27
46,10,41
46,10,25
46,11,37
46,11,18
46,11,45
46,11,49
46,11,4
47,1,5
47,1,5
47,1,1
47,1,5
47,1,2
47,2,2
47,2,2
47,2,0
47,2,4
47,2,5
47,3,0
47,3,0
47,3,2
47,3,5
47,3,2
47,4,4
47,4,3
47,4,1
47,4,4
47,4,2
47,5,5
47,5,1
47,5,3
47,5,4
47,5,4
47,6,3
47,6,4
47,6,0
47,6,4
47,6,0
47,7,3
47,7,3
47,7,4
47,7,1
47,7,5
47,8,4
47,8,5
47,8,0
47,8,3
47,8,3
47,9,4
47,9,4
47,9,0
47,9,1
47,9,0
47,10,1
47,10,3
47,10,5
47,10,3
47,10,1
47,11,3
47,11,1
47,11,0
47,11,1
47,11,1
48,1,3
48,1,2
48,1,4
48,1,0
48,1,4
48,2,2
48,2,5
48,2,5
48,2,0
48,2,0
48,3,5
48,3,4
48,3,2
48,3,3
48,3,2
48,4,1
48,4,1
48,4,2
48,4,4
48,4,3
48,5,1
48,5,3
48,5,3
48,5,5
48,5,3
48,6,4
48,6,2
48,6,3
48,6,0
48,6,4
48,7,4
48,7,0
48,7,5
48,7,4
48,7,4
48,8,2
48,8,1
48,8,0
48,8,4
48,8,3
48,9,3
48,9,1
48,9,5
48,9,0
48,9,1
48,10,0
48,10,3
48,10,1
48,10,0
48,10,5
48,11,4
48,11,1
48,11,4
48,11,0
48,11,0
49,1,0
49,1,5
49,1,5
49,1,2
49,1,5
49,2,5
49,2,0
49,2,2
49,2,2
49,2,2
49,3,3
49,3,4
49,3,1
49,3,3
49,3,2
49,4,5
49,4,3
49,4,0
49,4,5
49,4,1
49,5,1
49,5,0
49,5,2
49,5,1
49,5,0
49,6,4
49,6,3
49,6,5
49,6,1
49,6,4
49,7,3
49,7,1
49,7,2
49,7,2
49,7,5
49,8,2
49,8,2
49,8,2
49,8,4
49,8,4
49,9,3
49,9,4
49,9,5
49,9,1
49,9,2
49,10,4
49,10,4
49,10,2
49,10,5
49,10,3
49,11,5
49,11,3
49,11,2
49,11,1
49,11,0
50,1,5
50,1,5
50,1,5
50,1,0
50,1,3
50,2,1
50,2,2
50,2,0
50,2,2
50,2,1
50,3,3
50,3,2
50,3,1
50,3,0
50,3,4
50,4,2
50,4,1
50,4,1
50,4,2
50,4,0
50,5,0
50,5,4
50,5,0
50,5,1
50,5,5
50,6,5
50,6,0
50,6,5
50,6,5
50,6,1
50,7,1
50,7,1
50,7,3
50,7,5
50,7,5
50,8,1
50,8,3
50,8,0
50,8,2
50,8,2
50,9,0
50,9,2
50,9,1
50,9,0
50,9,4
50,10,3
50,10,2
50,10,0
50,10,1
50,10,2
50,11,3
50,11,4
50,11,2
50,11,1
50,11,5
51,1,1
51,1,1
51,1,4
51,1,5
51,1,5
51,2,2
51,2,1
51,2,5
51,2,4
51,2,4
51,3,1
51,3,0
51,3,4
51,3,4
51,3,5
51,4,4
51,4,5
51,4,5
51,4,4
51,4,4
51,5,3
51,5,4
51,5,3
51,5,3
51,5,2
51,6,3
51,6,0
51,6,5
51,6,4
51,6,1
51,7,0
51,7,1
51,7,4
51,7,5
51,7,2
51,8,4
51,8,2
51,8,3
51,8,3
51,8,1
51,9,3
51,9,2
51,9,0
51,9,4
51,9,1
51,10,2
51,10,0
51,10,3
51,10,4
51,10,5
51,11,5
51,11,1
51,11,2
51,11,5
51,11,4
52,1,2
52,1,3
52,1,1
52,1,2
52,1,2
52,2,3
52,2,2
52,2,0
52,2,1
52,2,1
52,3,3
52,3,2
52,3,4
52,3,5
52,3,5
52,4,0
52,4,1
52,4,0
52,4,0
52,4,5
52,5,5
52,5,0
52,5,4
52,5,3
52,5,5
52,6,2
52,6,3
52,6,0
52,6,0
52,6,4
52,7,2
52,7,3
52,7,2
52,7,2
52,7,5
52,8,5
52,8,3
52,8,4
52,8,2
52,8,1
52,9,0
52,9,3
52,9,0
52,9,1
52,9,4
52,10,0
52,10,2
52,10,1
52,10,3
52,10,2
52,11,0
52,11,3
52,11,5
52,11,5
52,11,5
53,1,2
53,1,5
53,1,4
53,1,1
53,1,1
53,2,3
53,2,5
53,2,2
53,2,5
53,2,1
53,3,1
53,3,4
53,3,3
53,3,3
53,3,2
53,4,2
53,4,2
53,4,3
53,4,2
53,4,3
53,5,1
53,5,1
53,5,4
53,5,4
53,5,2
53,6,2
53,6,0
53,6,5
53,6,4
53,6,1
53,7,3
53,7,4
53,7,1
53,7,0
53,7,4
53,8,0
53,8,3
53,8,1
53,8,4
53,8,4
53,9,1
53,9,0
53,9,2
53,9,4
53,9,1
53,10,0
53,10,4
53,10,0
53,10,1
53,10,2
53,11,4
53,11,3
53,11,0
53,11,4
53,11,3
54,1,1
54,1,2
54,1,3
54,1,5
54,1,4
54,2,2
54,2,3
54,2,4
54,2,4
54,2,3
54,3,1
54,3,5
54,3,2
54,3,0
54,3,1
54,4,2
54,4,5
54,4,0
54,4,0
54,4,4
54,5,2
54,5,0
54,5,4
54,5,0
54,5,0
54,6,3
54,6,5
54,6,2
54,6,0
54,6,1
54,7,3
54,7,5
54,7,1
54,7,1
54,7,2
54,8,2
54,8,5
54,8,5
54,8,1
54,8,2
54,9,0
54,9,1
54,9,3
54,9,5
54,9,2
54,10,4
54,10,1
54,10,4
54,10,5
54,10,0
54,11,1
54,11,4
54,11,5
54,11,0
54,11,5
55,1,2
55,1,1
55,1,4
55,1,3
55,1,5
55,2,4
55,2,3
55,2,1
55,2,0
55,2,3
55,3,1
55,3,1
55,3,5
55,3,0
55,3,4
55,4,5
55,4,3
55,4,5
55,4,2
55,4,1
55,5,1
55,5,0
55,5,1
55,5,3
55,5,3
55,6,1
55,6,5
55,6,3
55,6,1
55,6,2
55,7,5
55,7,1
55,7,1
55,7,0
55,7,1
55,8,3
55,8,1
55,8,5
55,8,0
55,8,2
55,9,3
55,9,3
55,9,1
55,9,5
55,9,3
55,10,2
55,10,3
55,10,1
55,10,3
55,10,4
55,11,1
55,11,0
55,11,2
55,11,0
55,11,4
56,1,4
56,1,2
56,1,1
56,1,5
56,1,2
56,2,0
56,2,1
56,2,3
56,2,4
56,2,4
56,3,0
56,3,1
56,3,1
56,3,4
56,3,1
56,4,3
56,4,1
56,4,5
56,4,2
56,4,5
56,5,5
56,5,4
56,5,4
56,5,1
56,5,4
56,6,5
56,6,3
56,6,3
56,6,3
56,6,2
56,7,4
56,7,0
56,7,0
56,7,3
56,7,3
56,8,3
56,8,5
56,8,4
56,8,5
56,8,2
56,9,3
56,9,1
56,9,0
56,9,1
56,9,2
56,10,0
56,10,4
56,10,1
56,10,3
56,10,3
56,11,2
56,11,1
56,11,2
56,11,4
56,11,5
57,1,3
57,1,0
57,1,0
57,1,5
57,1,4
57,2,2
57,2,2
57,2,5
57,2,3
57,2,5
57,3,5
57,3,5
57,3,2
57,3,3
57,3,0
57,4,1
57,4,4
57,4,2
57,4,5
57,4,3
57,5,1
57,5,3
57,5,2
57,5,1
57,5,0
57,6,1
57,6,5
57,6,1
57,6,0
57,6,5
57,7,3
57,7,5
57,7,1
57,7,3
57,7,0
57,8,2
57,8,3
57,8,2
57,8,4
57,8,5
57,9,1
57,9,4
57,9,3
57,9,3
57,9,0
57,10,4
57,10,2
57,10,1
57,10,0
57,10,0
57,11,1
57,11,1
57,11,2
57,11,4
57,11,3
58,1,1
58,1,4
58,1,4
58,1,3
58,1,3
58,2,2
58,2,0
58,2,0
58,2,0
58,2,0
58,3,4
58,3,4
58,3,1
58,3,5
58,3,2
58,4,3
58,4,0
58,4,3
58,4,3
58,4,1
58,5,4
58,5,2
58,5,2
58,5,3
58,5,5
58,6,5
58,6,0
58,6,2
58,6,4
58,6,2
58,7,1
58,7,1
58,7,1
58,7,5
58,7,3
58,8,2
58,8,5
58,8,2
58,8,3
58,8,2
58,9,0
58,9,2
58,9,5
58,9,1
58,9,0
58,10,0
58,10,4
58,10,4
58,10,1
58,10,3
58,11,1
58,11,4
58,11,2
58,11,5
58,11,2
59,1,1
59,1,3
59,1,4
59,1,3
59,1,5
59,2,3
59,2,5
59,2,2
59,2,3
59,2,4
59,3,0
59,3,4
59,3,3
59,3,4
59,3,4
59,4,2
59,4,0
59,4,3
59,4,3
59,4,4
59,5,2
59,5,5
59,5,1
59,5,5
59,5,2
59,6,3
59,6,1
59,6,4
59,6,5
59,6,1
59,7,3
59,7,4
59,7,3
59,7,4
59,7,2
59,8,1
59,8,0
59,8,5
59,8,4
59,8,3
59,9,4
59,9,0
59,9,2
59,9,0
59,9,2
59,10,4
59,10,2
59,10,2
59,10,0
59,10,2
59,11,3
59,11,5
59,11,5
59,11,0
59,11,3
60,1,5
60,1,3
60,1,3
60,1,3
60,1,5
60,2,1
60,2,3
60,2,1
60,2,0
60,2,2
60,3,5
60,3,4
60,3,1
60,3,4
60,3,4
60,4,0
60,4,4
60,4,0
60,4,3
60,4,4
60,5,3
60,5,4
60,5,1
60,5,0
60,5,1
60,6,1
60,6,5
60,6,3
60,6,0
60,6,1
60,7,3
60,7,2
60,7,0
60,7,5
60,7,3
60,8,3
60,8,5
60,8,4
60,8,1
60,8,4
60,9,1
60,9,5
60,9,1
60,9,1
60,9,0
60,10,3
60,10,0
60,10,1
60,10,2
60,10,1
60,11,2
60,11,1
60,11,4
60,11,1
60,11,5
61,1,3
61,1,2
61,1,3
61,1,0
61,1,2
61,2,2
61,2,5
61,2,3
61,2,2
61,2,4
61,3,2
61,3,3
61,3,4
61,3,5
61,3,1
61,4,2
61,4,1
61,4,1
61,4,2
61,4,4
61,5,5
61,5,0
61,5,0
61,5,1
61,5,1
61,6,1
61,6,4
61,6,4
61,6,2
61,6,5
61,7,4
61,7,0
61,7,5
61,7,0
61,7,4
61,8,3
61,8,2
61,8,3
61,8,2
61,8,3
61,9,2
61,9,2
61,9,3
61,9,4
61,9,0
61,10,4
61,10,3
61,10,1
61,10,4
61,10,5
61,11,5
61,11,4
61,11,2
61,11,4
61,11,5
62,1,4
62,1,4
62,1,0
62,1,1
62,1,2
62,2,0
62,2,3
62,2,5
62,2,2
62,2,5
62,3,4
62,3,0
62,3,0
62,3,5
62,3,4
62,4,2
62,4,5
62,4,0
62,4,1
62,4,5
62,5,1
62,5,5
62,5,5
62,5,3
62,5,4
62,6,4
62,6,2
62,6,0
62,6,5
62,6,4
62,7,2
62,7,3
62,7,0
62,7,0
62,7,5
62,8,2
62,8,0
62,8,3
62,8,1
62,8,3
62,9,0
62,9,3
62,9,4
62,9,0
62,9,4
62,10,1
62,10,3
62,10,1
62,10,2
62,10,0
62,11,4
62,11,0
62,11,2
62,11,3
62,11,3
63,1,2
63,1,5
63,1,4
63,1,0
63,1,2
63,2,3
63,2,5
63,2,1
63,2,1
63,2,3
63,3,0
63,3,5
63,3,0
63,3,4
63,3,0
63,4,4
63,4,3
63,4,1
63,4,4
63,4,2
63,5,2
63,5,1
63,5,5
63,5,1
63,5,2
63,6,5
63,6,1
63,6,5
63,6,4
63,6,2
63,7,0
63,7,2
63,7,3
63,7,4
63,7,4
63,8,0
63,8,0
63,8,4
63,8,3
63,8,0
63,9,1
63,9,1
63,9,2
63,9,4
63,9,2
63,10,4
63,10,5
63,10,3
63,10,2
63,10,4
63,11,5
63,11,3
63,11,0
63,11,3
63,11,3
64,1,1
64,1,2
64,1,2
64,1,2
64,1,1
64,2,0
64,2,1
64,2,0
64,2,0
64,2,1
64,3,2
64,3,0
64,3,0
64,3,2
64,3,0
64,4,0
64,4,1
64,4,2
64,4,1
64,4,2
64,5,1
64,5,1
64,5,2
64,5,2
64,5,1
64,6,2
64,6,1
64,6,1
64,6,1
64,6,0
64,7,2
64,7,0
64,7,1
64,7,0
64,7,1
64,8,2
64,8,2
64,8,2
64,8,0
64,8,0
64,9,0
64,9,0
64,9,1
64,9,0
64,9,1
64,10,1
64,10,1
64,10,0
64,10,0
64,10,1
64,11,2
64,11,0
64,11,2
64,11,0
64,11,2
65,1,2
65,1,2
65,1,1
65,1,1
65,1,1
65,2,1
65,2,0
65,2,1
65,2,0
65,2,0
65,3,0
65,3,1
65,3,1
65,3,1
65,3,0
65,4,0
65,4,0
65,4,0
65,4,1
65,4,0
65,5,1
65,5,0
65,5,1
65,5,0
65,5,2
65,6,0
65,6,2
65,6,2
65,6,2
65,6,0
65,7,2
65,7,2
65,7,0
65,7,1
65,7,0
65,8,0
65,8,1
65,8,0
65,8,1
65,8,1
65,9,1
65,9,2
65,9,0
65,9,0
65,9,2
65,10,0
65,10,0
65,10,2
65,10,1
65,10,2
65,11,1
65,11,2
65,11,0
65,11,1
65,11,0
66,1,5
66,1,4
66,1,7
66,1,1
66,1,2
66,2,2
66,2,7
66,2,3
66,2,0
66,2,3
66,3,3
66,3,3
66,3,2
66,3,0
66,3,7
66,4,5
66,4,7
66,4,8
66,4,1
66,4,4
66,5,1
66,5,6
66,5,7
66,5,1
66,5,0
66,6,7
66,6,1
66,6,8
66,6,8
66,6,8
66,7,1
66,7,2
66,7,6
66,7,7
66,7,5
66,8,4
66,8,1
66,8,7
66,8,3
66,8,0
66,9,8
66,9,8
66,9,7
66,9,7
66,9,8
66,10,3
66,10,7
66,10,8
66,10,8
66,10,5
66,11,2
66,11,8
66,11,0
66,11,2
66,11,5
67,1,1
67,1,2
67,1,6
67,1,7
67,1,2
67,2,6
67,2,4
67,2,4
67,2,2
67,2,3
67,3,7
67,3,3
67,3,5
67,3,0
67,3,3
67,4,8
67,4,2
67,4,7
67,4,7
67,4,2
67,5,8
67,5,0
67,5,0
67,5,5
67,5,6
67,6,2
67,6,4
67,6,4
67,6,1
67,6,1
67,7,5
67,7,0
67,7,3
67,7,5
67,7,8
67,8,4
67,8,2
67,8,6
67,8,3
67,8,2
67,9,1
67,9,8
67,9,4
67,9,5
67,9,4
67,10,0
67,10,8
67,10,1
67,10,1
67,10,3
67,11,1
67,11,1
67,11,0
67,11,7
67,11,8
68,1,3
68,1,6
68,1,6
68,1,6
68,1,7
68,2,6
68,2,3
68,2,2
68,2,1
68,2,6
68,3,5
68,3,3
68,3,1
68,3,1
68,3,5
68,4,8
68,4,2
68,4,6
68,4,2
68,4,2
68,5,6
68,5,3
68,5,4
68,5,2
68,5,4
68,6,0
68,6,1
68,6,5
68,6,8
68,6,3
68,7,7
68,7,7
68,7,2
68,7,3
68,7,4
68,8,8
68,8,7
68,8,4
68,8,7
68,8,8
68,9,7
68,9,7
68,9,4
68,9,0
68,9,0
68,10,7
68,10,1
68,10,7
68,10,2
68,10,8
68,11,0
68,11,2
68,11,6
68,11,7
68,11,2
69,1,1
69,1,2
69,1,1
69,1,0
69,1,1
69,2,1
69,2,1
69,2,1
69,2,0
69,2,1
69,3,1
69,3,1
69,3,1
69,3,1
69,3,0
69,4,1
69,4,0
69,4,1
69,4,1
69,4,1
69,5,1
69,5,1
69,5,1
69,5,0
69,5,1
69,6,0
69,6,0
69,6,0
69,6,0
69,6,0
69,7,1
69,7,0
69,7,2
69,7,2
69,7,1
69,8,1
69,8,0
69,8,2
69,8,0
69,8,0
69,9,0
69,9,1
69,9,0
69,9,0
69,9,1
69,10,1
69,10,0
69,10,2
69,10,2
69,10,2
69,11,0
69,11,1
69,11,1
69,11,1
69,11,2
70,1,1
70,1,2
70,1,1
70,1,0
70,1,2
70,2,0
70,2,2
70,2,2
70,2,2
70,2,1
70,3,2
70,3,0
70,3,0
70,3,1
70,3,0
70,4,1
70,4,1
70,4,2
70,4,1
70,4,1
70,5,1
70,5,1
70,5,2
70,5,0
70,5,1
70,6,2
70,6,2
70,6,1
70,6,0
70,6,0
70,7,1
70,7,0
70,7,1
70,7,0
70,7,2
70,8,1
70,8,2
70,8,1
70,8,1
70,8,2
70,9,0
70,9,0
70,9,1
70,9,2
70,9,2
70,10,1
70,10,2
70,10,1
70,10,1
70,10,2
70,11,1
70,11,0
70,11,0
70,11,2
70,11,1
71,1,0
71,1,1
71,1,0
71,1,1
71,1,1
71,2,1
71,2,0
71,2,2
71,2,0
71,2,2
71,3,0
71,3,0
71,3,2
71,3,2
71,3,2
71,4,1
71,4,0
71,4,0
71,4,2
71,4,1
71,5,1
71,5,1
71,5,0
71,5,2
71,5,2
71,6,0
71,6,1
71,6,1
71,6,1
71,6,1
71,7,1
71,7,2
71,7,2
71,7,2
71,7,2
71,8,2
71,8,2
71,8,0
71,8,0
71,8,2
71,9,0
71,9,2
71,9,2
71,9,1
71,9,2
71,10,2
71,10,0
71,10,2
71,10,0
71,10,0
71,11,2
71,11,0
71,11,2
71,11,2
71,11,1
72,1,0
72,1,2
72,1,1
72,1,0
72,1,1
72,2,1
72,2,2
72,2,2
72,2,0
72,2,2
72,3,1
72,3,0
72,3,0
72,3,0
72,3,1
72,4,1
72,4,1
72,4,2
72,4,1
72,4,1
72,5,1
72,5,2
72,5,2
72,5,1
72,5,0
72,6,0
72,6,2
72,6,1
72,6,1
72,6,0
72,7,2
72,7,1
72,7,0
72,7,0
72,7,2
72,8,1
72,8,0
72,8,2
72,8,0
72,8,2
72,9,0
72,9,0
72,9,1
72,9,0
72,9,2
72,10,0
72,10,1
72,10,1
72,10,2
72,10,1
72,11,0
72,11,1
72,11,0
72,11,0
72,11,0
73,1,1
73,1,2
73,1,0
73,1,0
73,1,0
73,2,1
73,2,0
73,2,1
73,2,1
73,2,0
73,3,0
73,3,2
73,3,1
73,3,0
73,3,1
73,4,1
73,4,2
73,4,1
73,4,0
73,4,1
73,5,2
73,5,0
73,5,1
73,5,0
73,5,0
73,6,2
73,6,0
73,6,1
73,6,2
73,6,1
73,7,2
73,7,1
73,7,1
73,7,1
73,7,1
73,8,2
73,8,2
73,8,1
73,8,1
73,8,1
73,9,2
73,9,2
73,9,0
73,9,0
73,9,2
73,10,2
73,10,2
73,10,2
73,10,2
73,10,0
73,11,2
73,11,1
73,11,0
73,11,2
73,11,0
74,1,0
74,1,0
74,1,0
74,1,1
74,1,0
74,2,0
74,2,2
74,2,2
74,2,2
74,2,2
74,3,2
74,3,1
74,3,1
74,3,1
74,3,2
74,4,2
74,4,2
74,4,2
74,4,1
74,4,1
74,5,1
74,5,0
74,5,2
74,5,1
74,5,0
74,6,0
74,6,0
74,6,1
74,6,0
74,6,0
74,7,0
74,7,1
74,7,1
74,7,0
74,7,1
74,8,1
74,8,0
74,8,0
74,8,2
74,8,0
74,9,0
74,9,1
74,9,1
74,9,2
74,9,1
74,10,1
74,10,0
74,10,2
74,10,1
74,10,2
74,11,2
74,11,0
74,11,2
74,11,1
74,11,0
75,1,2
75,1,1
75,1,2
75,1,2
75,1,2
75,2,2
75,2,2
75,2,0
75,2,1
75,2,2
75,3,2
75,3,1
75,3,1
75,3,0
75,3,1
75,4,2
75,4,0
75,4,2
75,4,2
75,4,0
75,5,1
75,5,2
75,5,2
75,5,2
75,5,2
75,6,2
75,6,2
75,6,1
75,6,2
75,6,2
75,7,0
75,7,0
75,7,1
75,7,1
75,7,1
75,8,0
75,8,1
75,8,1
75,8,1
75,8,1
75,9,1
75,9,0
75,9,2
75,9,2
75,9,1
75,10,1
75,10,1
75,10,2
75,10,2
75,10,2
75,11,0
75,11,2
75,11,1
75,11,0
75,11,2
76,1,0
76,1,0
76,1,1
76,1,2
76,1,2
76,2,0
76,2,0
76,2,2
76,2,1
76,2,0
76,3,1
76,3,2
76,3,2
76,3,0
76,3,1
76,4,2
76,4,1
76,4,1
76,4,2
76,4,1
76,5,0
76,5,0
76,5,1
76,5,1
76,5,2
76,6,2
76,6,2
76,6,1
76,6,2
76,6,2
76,7,2
76,7,1
76,7,2
76,7,0
76,7,0
76,8,0
76,8,0
76,8,1
76,8,2
76,8,1
76,9,0
76,9,2
76,9,1
76,9,0
76,9,2
76,10,1
76,10,0
76,10,0
76,10,0
76,10,1
76,11,2
76,11,2
76,11,1
76,11,1
76,11,2
77,1,0
77,1,1
77,1,3
77,1,2
77,1,2
77,2,0
77,2,2
77,2,0
77,2,2
77,2,1
77,3,3
77,3,2
77,3,2
77,3,3
77,3,3
77,4,0
77,4,0
77,4,2
77,4,3
77,4,1
77,5,1
77,5,0
77,5,1
77,5,2
77,5,2
77,6,1
77,6,2
77,6,1
77,6,3
77,6,3
77,7,0
77,7,3
77,7,0
77,7,0
77,7,2
77,8,0
77,8,2
77,8,2
77,8,1
77,8,2
77,9,2
77,9,3
77,9,2
77,9,2
77,9,1
77,10,2
77,10,1
77,10,0
77,10,3
77,10,2
77,11,0
77,11,0
77,11,2
77,11,0
77,11,2
78,1,2
78,1,2
78,1,1
78,1,2
78,1,2
78,2,0
78,2,0
78,2,3
78,2,0
78,2,0
78,3,0
78,3,1
78,3,1
78,3,2
78,3,1
78,4,0
78,4,2
78,4,3
78,4,2
78,4,2
78,5,0
78,5,1
78,5,2
78,5,2
78,5,2
78,6,1
78,6,2
78,6,0
78,6,1
78,6,1
78,7,0
78,7,1
78,7,2
78,7,1
78,7,2
78,8,1
78,8,1
78,8,2
78,8,3
78,8,0
78,9,0
78,9,0
78,9,0
78,9,2
78,9,2
78,10,3
78,10,2
78,10,3
78,10,3
78,10,0
78,11,3
78,11,2
78,11,1
78,11,0
78,11,2
79,1,3
79,1,0
79,1,2
79,1,2
79,1,0
79,2,3
79,2,3
79,2,2
79,2,2
79,2,3
79,3,3
79,3,1
79,3,2
79,3,1
79,3,0
79,4,1
79,4,1
79,4,0
79,4,3
79,4,1
79,5,3
79,5,0
79,5,2
79,5,3
79,5,0
79,6,3
79,6,3
79,6,3
79,6,1
79,6,2
79,7,2
79,7,1
79,7,3
79,7,0
79,7,2
79,8,2
79,8,1
79,8,0
79,8,2
79,8,0
79,9,2
79,9,3
79,9,2
79,9,0
79,9,3
79,10,0
79,10,1
79,10,3
79,10,0
79,10,2
79,11,1
79,11,3
79,11,0
79,11,2
79,11,2
80,1,18
80,1,17
80,1,6
80,1,7
80,1,8
80,2,5
80,2,20
80,2,8
80,2,1
80,2,6
80,3,14
80,3,4
80,3,14
80,3,19
80,3,6
80,4,12
80,4,0
80,4,12
80,4,14
80,4,9
80,5,14
80,5,7
80,5,11
80,5,4
80,5,15
80,6,11
80,6,4
80,6,4
80,6,3
80,6,19
80,7,6
80,7,4
80,7,1
80,7,5
80,7,12
80,8,20
80,8,10
80,8,15
80,8,6
80,8,8
80,9,11
80,9,7
80,9,3
80,9,20
80,9,3
80,10,17
80,10,7
80,10,14
80,10,8
80,10,1
80,11,2
80,11,8
80,11,8
80,11,9
80,11,12
81,1,8
81,1,29
81,1,23
81,1,5
81,1,36
81,2,18
81,2,2
81,2,18
81,2,16
81,2,6
81,3,29
81,3,9
81,3,11
81,3,2
81,3,6
81,4,12
81,4,1
81,4,2
81,4,4
81,4,25
81,5,20
81,5,36
81,5,30
81,5,25
81,5,6
81,6,2
81,6,35
81,6,6
81,6,11
81,6,6
81,7,6
81,7,24
81,7,15
81,7,9
81,7,16
81,8,22
81,8,21
81,8,18
81,8,8
81,8,25
81,9,22
81,9,16
81,9,7
81,9,2
81,9,1
81,10,38
81,10,35
81,10,22
81,10,22
81,10,13
81,11,27
81,11,21
81,11,40
81,11,0
81,11,3
82,1,7
82,1,9
82,1,7
82,1,6
82,1,18
82,2,20
82,2,9
82,2,5
82,2,18
82,2,14
82,3,3
82,3,14
82,3,14
82,3,7
82,3,16
82,4,3
82,4,2
82,4,4
82,4,9
82,4,8
82,5,8
82,5,11
82,5,16
82,5,17
82,5,14
82,6,10
82,6,4
82,6,10
82,6,4
82,6,15
82,7,10
82,7,16
82,7,14
82,7,18
82,7,14
82,8,4
82,8,17
82,8,16
82,8,11
82,8,6
82,9,13
82,9,1
82,9,14
82,9,8
82,9,17
82,10,18
82,10,20
82,10,4
82,10,1
82,10,8
82,11,11
82,11,11
82,11,15
82,11,10
82,11,11
83,1,12
83,1,14
83,1,9
83,1,8
83,1,13
83,2,13
83,2,15
83,2,2
83,2,12
83,2,5
83,3,15
83,3,5
83,3,5
83,3,13
83,3,20
83,4,5
83,4,8
83,4,15
83,4,6
83,4,16
83,5,8
83,5,1
83,5,7
83,5,17
83,5,1
83,6,12
83,6,10
83,6,16
83,6,11
83,6,2
83,7,12
83,7,19
83,7,0
83,7,17
83,7,11
83,8,17
83,8,7
83,8,5
83,8,14
83,8,15
83,9,5
83,9,7
83,9,13
83,9,0
83,9,8
83,10,13
83,10,19
83,10,13
83,10,8
83,10,6
83,11,6
83,11,6
83,11,20
83,11,1
83,11,14
84,1,18
84,1,8
84,1,13
84,1,8
84,1,9
84,2,6
84,2,11
84,2,18
84,2,0
84,2,8
84,3,7
84,3,1
84,3,13
84,3,9
84,3,6
84,4,6
84,4,7
84,4,0
84,4,16
84,4,2
84,5,19
84,5,16
84,5,5
84,5,16
84,5,14
84,6,15
84,6,13
84,6,17
84,6,9
84,6,19
84,7,2
84,7,3
84,7,6
84,7,11
84,7,19
84,8,6
84,8,20
84,8,4
84,8,11
84,8,15
84,9,10
84,9,11
84,9,8
84,9,20
84,9,18
84,10,2
84,10,15
84,10,11
84,10,3
84,10,1
84,11,0
84,11,5
84,11,8
84,11,11
84,11,18
85,1,6
85,1,3
85,1,4
85,1,36
85,1,39
85,2,24
85,2,32
85,2,7
85,2,16
85,2,33
85,3,12
85,3,34
85,3,9
85,3,22
85,3,5
85,4,7
85,4,31
85,4,36
85,4,7
85,4,22
85,5,34
85,5,4
85,5,7
85,5,4
85,5,12
85,6,6
85,6,16
85,6,35
85,6,24
85,6,21
85,7,1
85,7,40
85,7,6
85,7,15
85,7,18
85,8,31
85,8,24
85,8,33
85,8,3
85,8,23
85,9,12
85,9,36
85,9,40
85,9,26
85,9,33
85,10,29
85,10,28
85,10,16
85,10,21
85,10,13
85,11,6
85,11,32
85,11,29
85,11,11
85,11,4
